id,track names,artists name,artists id,genres
4l9hml2UCnxoNI3yCdL1BW,My Funny Valentine,Chet Baker,3rxeQlsv0Sc2nyYaZ5W71T,vocal jazz
7caj6X6NMX3tlhWnu1du6V,We Belong Together,Ritchie Valens,5Y9xEAGW4GwGJgbiI6W85P,rockabilly
7qoaMWT3eRCKG1RN6dVuOY,Stagger Lee,Lloyd Price,3iOE5ItEv5xr9fmKi7GNh2,rockabilly
72nqbbrKjhXmDdRXQGq115,All I Have to Do Is Dream,The Everly Brothers,4ACplpEqD6JIVgKrafauzs,sunshine pop
7DJsL4jyXA39GDiHFQYQ0t,Mess Around,Ray Charles,1eYhYunlNJlDoQhtYBvPsi,vocal jazz
7fWo4TRloCEOl12sMX2sNq,Earth Angel (Will You Be Mine),The Penguins,6lOk7hCr8x3O9vHwylXyHR,rhythm and blues
7fPOOCejoBt3dIm6UcEdm8,You Send Me,Sam Cooke,6hnWRPzGGKiapVX1UCdEAC,soul
2CeqxyOZEyiL6pTDYZ9gPH,Fever,Peggy Lee,602DnpaSXJB4b9DZrvxbDc,vocal jazz
2FkCjtQ1lYsf71s2FAS8hE,The Great Pretender,The Platters,6KWcxMWVNVIYbdOQyJtsSy,rockabilly
1oDCK7PW72XEZ1pE5rh87A,Smile,Nat King Cole,7v4imS0moSyGdXyLgVTIV7,adult standards
307XEC1IUwUs9ojlEFwH7f,Smoke Gets In Your Eyes,The Platters,6KWcxMWVNVIYbdOQyJtsSy,rockabilly
7eqNATKM78MkWP6aHGXHEV,Put Your Head on My Shoulder,Paul Anka,7ceUfdWq2t5nbatS6ollHh,rock-and-roll
5yQ9iMZXGcr5rlO4hoLsP4,"What'd I Say, Pt. 1 & 2",Ray Charles,1eYhYunlNJlDoQhtYBvPsi,vocal jazz
4qdF7iTMOWPLZrH7s6yfZk,Papa Loves Mambo,Perry Como,5v8jlSmAQfrkTjAlpUfWtu,easy listening
1eqGYJJr2z2GXK1i0hD3BC,Love Letters In The Sand - Single Version,Pat Boone,7fmKtIgmxqNEKjATioVNsu,rockabilly
3xZe0jFAwc3akvChOrPS7u,You Belong To Me,Jo Stafford,1Jqk46QvzUn7SnwmTGX6Cw,vocal jazz
1Qn5jElT7XqjvVeJ8pYM2w,A Teenager's Romance,Ricky Nelson,73sSFVlM6pkweLXE8qw1OS,rockabilly
2k6qpHJsrKCCyvsHv2cPqR,Diana,Paul Anka,7ceUfdWq2t5nbatS6ollHh,rock-and-roll
5P11rW6aJErF37MTfRZS31,"Hallelujah, I Love Her So",Ray Charles,1eYhYunlNJlDoQhtYBvPsi,vocal jazz
7bflxIMDz5mFxhQyYx1CEh,Magic Moments,Perry Como,5v8jlSmAQfrkTjAlpUfWtu,easy listening
3x6wVKXfCm85Pw7gYo0rqq,That's Amore,Dean Martin,49e4v89VmlDcFCMyDv9wQ9,lounge
2HyPrPSANTIPkR6CfiytwY,Dream a Little Dream of Me (with Paul Weston & His Music From Hollywood),Doris Day,3ESG6pj6a0LvUKklENalT6,vocal jazz
4bzvhZFlV9UqQ3EmV2i8s4,Who's Sorry Now,Connie Francis,3EY5DxGdy7x4GelivOjS2Q,rockabilly
33aYzW5ToRjiFOzkubeJ8H,Rave On,Buddy Holly,3wYyutjgII8LJVVOLrGI0D,rockabilly
2xar08Fq5xra2KKZs5Bw9j,I've Got a Woman,Ray Charles,1eYhYunlNJlDoQhtYBvPsi,vocal jazz
4ydtQJImyQg6UDFFZBzgxp,Cry Me A River,Dinah Washington,32LHRiof0sa4taYew9i3Fa,vocal jazz
4hHbeIIKO5Y5uLyIEbY9Gn,Come Fly With Me - Remastered,Frank Sinatra,1Mxqyy3pSjf8kZZL4QVxS0,lounge
0F76EzCOmno4KJviO7iGNq,"Hey, Good Lookin'",Hank Williams,1FClsNYBUoNFtGgzeG74dW,yodeling
4EaVZab0VnTWwWnO3HuEAp,Stupid Cupid,Connie Francis,3EY5DxGdy7x4GelivOjS2Q,rockabilly
5Aqnf8w3OZG0RQIW90QGaP,There Goes My Baby - Single Version; 2019 Remaster,The Drifters,1FqqOl9itIUpXr4jZPIVoT,soul
79nJj5dMyTsUzKvN5jUXsJ,I Can't Stop Loving You,Ray Charles,1eYhYunlNJlDoQhtYBvPsi,vocal jazz
0Rk9byjmZksAJX15onGns5,Teach Me Tonight,Dinah Washington,32LHRiof0sa4taYew9i3Fa,vocal jazz
3aEJMh1cXKEjgh52claxQp,I've Got You Under My Skin - Remastered 1998,Frank Sinatra,1Mxqyy3pSjf8kZZL4QVxS0,lounge
675n4cfx308vwH0VBGqEOM,I Saw The Light - Single Version,Hank Williams,1FClsNYBUoNFtGgzeG74dW,yodeling
4IYyGIbMS5ZkxDXGfPIrXr,Come Go With Me,The Del-Vikings,10xLCBOlt2NhclsRmrOvX5,rock-and-roll
63NmQTtxQLHSRp7li6aAmP,Chances Are - Single Version,Johnny Mathis,21LGsW7bziR4Ledx7WZ1Wf,vocal jazz
3YdKJzcoMZMacISlpY4QoP,I Only Have Eyes for You,The Flamingos,6iygtKnPG7TRvDaTYcLOd6,rhythm and blues
5y3gqKswDeU8pJ878YFPUy,Autumn in New York - 2003 Remastered Version,Billie Holiday,1YzCsTRb22dQkh9lghPIrp,vocal jazz
0x0ffSAP6PkdoDgHOfroof,My Funny Valentine - Remastered,Frank Sinatra,1Mxqyy3pSjf8kZZL4QVxS0,lounge
2KJOfVTxWkbtRMGByeEQ7V,Jambalaya (On The Bayou),Hank Williams,1FClsNYBUoNFtGgzeG74dW,yodeling
2yOXKIU9YtBSWjI3OA8tqj,Little Bitty Pretty One,Thurston Harris,61VpPyyJn2bitby8tbafzT,rock-and-roll
4uxsv9PjV3Yeyn51RdWvGJ,Misty,Johnny Mathis,21LGsW7bziR4Ledx7WZ1Wf,vocal jazz
07GtDOCxmye5KDWsTSACPk,Chantilly Lace,The Big Bopper,2gNK2HAaLVz5DZoD2moDQj,rockabilly
1pZn8AX1WulW8IO338hE5D,Blue Moon,Billie Holiday,1YzCsTRb22dQkh9lghPIrp,vocal jazz
3YCbx1QqGrnxMsPEZLC1CT,Love Is Here To Stay - Remastered 1998,Frank Sinatra,1Mxqyy3pSjf8kZZL4QVxS0,lounge
13Oi7vfd9mrujcEmGAYAPe,Your Cheatin' Heart,Hank Williams,1FClsNYBUoNFtGgzeG74dW,yodeling
14t8pLQkLLskPriG8bs96b,Walkin' After Midnight,Patsy Cline,7dNsHhGeGU5MV01r06O8gK,nashville sound
1V4NaFlrUCK49MXcdOcVeS,They Can't Take That Away From Me,Ella Fitzgerald,5V0MlUE1Bft0mbLlND7FJz,vocal jazz
7hxZF4jETnE5Q75rKQnMjE,I Walk the Line,Johnny Cash,6kACVPfCOnqzgfEF5ryl0x,outlaw country
4mQz22nF9cyWqwuErTqc6V,Crazy He Calls Me,Billie Holiday,1YzCsTRb22dQkh9lghPIrp,vocal jazz
3mKdw0slI6wmnb1FBrvwn2,I Get A Kick Out Of You,Frank Sinatra,1Mxqyy3pSjf8kZZL4QVxS0,lounge
1uRKT2LRANv4baowBWHfDS,(We're Gonna) Rock Around The Clock,Bill Haley & His Comets,3MFp4cYuYtTZe3d3xkLLbr,rockabilly
77FRvC6JRthZBYDiMJeAFg,Wild One,Jerry Lee Lewis,2zyz0VJqrDXeFDIyrfVXSo,rockabilly
33jt3kYWjQzqn3xyYQ5ZEh,Cheek To Cheek,Ella Fitzgerald,5V0MlUE1Bft0mbLlND7FJz,vocal jazz
5wbZ3sbWf4PppzZiRxkxou,Ready Teddy,Little Richard,4xls23Ye9WR9yy3yYMpAMm,soul
1CTex49P0iWwzUGsMNjgaV,Strange Fruit,Billie Holiday,1YzCsTRb22dQkh9lghPIrp,vocal jazz
3h4udS0WeWbsur3yfjvnm4,Reet Petite,Jackie Wilson,4VnomLtKTm9Ahe1tZfmZju,soul
3koJ1vDWEITIrfMlNaHIu3,Living Doll - 2003 Remaster,Cliff Richard & The Drifters,1yAdL4L8voXQspjN6rdj4b,rock-and-roll
2R7uUQ0Dehu80gsOcydQC9,Bo Diddley,Bo Diddley,2bmixwMZXlkl2sbIbOfviq,traditional blues
07TQDFaoLBwvo6JU1nnaiU,I'm Walkin',Fats Domino,09C0xjtosNAIXP36wTnWxd,soul
56IQUfsUskt9VHe6YM6kue,Black Coffee,Sarah Vaughan,1bgyxtWjZwA5PQlDsvs9b8,vocal jazz
1wAURZCIA0k5RNwaJN3dH3,I'll Look Around,Billie Holiday,1YzCsTRb22dQkh9lghPIrp,vocal jazz
5ayybTSXNwcarDtxQKqvWX,Poor Little Fool - Remastered,Ricky Nelson,73sSFVlM6pkweLXE8qw1OS,rockabilly
7ItZM6DMZE2m1X7yIaRxjq,C’Mon Everybody,Eddie Cochran,1p0t3JtUTayV2wb1RGN9mO,rockabilly
648TTtYB0bH0P8Hfy0FmkL,Unforgettable,Nat King Cole,7v4imS0moSyGdXyLgVTIV7,adult standards
6sBPjgvLZzHHrpxbBDjmdE,Not Fade Away,The Crickets,4r7JUeiYy24L7BuzCq9EjR,rockabilly
4g9ZMsnY0xpeG3OR8GRJne,"It's Not for Me to Say - From the MGM Film ""Lizzie""",Johnny Mathis,21LGsW7bziR4Ledx7WZ1Wf,vocal jazz
11fNLqDB47gMKj7BHhR2Qr,Wake up Little Susie,The Everly Brothers,4ACplpEqD6JIVgKrafauzs,sunshine pop
5vjigjfoXuJEttqLB3HTAg,Personality,Lloyd Price,3iOE5ItEv5xr9fmKi7GNh2,rockabilly
7Gpx2fNJiilvrf9Ss8qbit,Calendar Girl,Neil Sedaka,5N6GwJzOcOY5kv8p0NjhYL,soft rock
40fD7ct05FvQHLdQTgJelG,Splish Splash,Bobby Darin,0EodhzA6yW1bIdD5B4tcmJ,vocal jazz
7s7Zu78CztOUFUyQ4BijBQ,Oh Boy! - Overdubbed Version,Buddy Holly,3wYyutjgII8LJVVOLrGI0D,rockabilly
7vAw4LLIms6X8ZHcbtoazz,I Wonder Why,Dion & The Belmonts,2loYllWFfoWpoxC5YrJKc4,rockabilly
6bnFjTW3EnMG4BwreDnSHK,Mr. Blue,The Fleetwoods,673J686eeEXMYJorgQ70lX,vocal harmony group
1ntGJDSakqsaw1KhptKrB5,My Prayer,The Platters,6KWcxMWVNVIYbdOQyJtsSy,rockabilly
0VE4ayVlGs5DBoqOdgJ0Zv,Donna - Single Version,Ritchie Valens,5Y9xEAGW4GwGJgbiI6W85P,rockabilly
3KzgdYUlqV6TOG7JCmx2Wg,Beyond the Sea,Bobby Darin,0EodhzA6yW1bIdD5B4tcmJ,vocal jazz
7ljPNANyoIDc7sL0PWaJlu,True Love Ways,Buddy Holly,3wYyutjgII8LJVVOLrGI0D,rockabilly
3SNEFR9U8CCEUN3iZfkVgW,Party Doll,Buddy Knox,0b5Tz3szM4KK8esFKV2Zsb,rockabilly
603N4XGJUTbK760GLCvIIs,Come Softly To Me,The Fleetwoods,673J686eeEXMYJorgQ70lX,vocal harmony group
4cRfSR0QxDlXRHTKyEOu93,"Come On, Let's Go",Ritchie Valens,5Y9xEAGW4GwGJgbiI6W85P,rockabilly
4GAhAw0RCzNVP976NRMOqO,"Love Me Tender - From the 20th Century-Fox CinemaScope Production, ""Love Me Tender""",Elvis Presley,43ZHCT0cAZBISjO8DG9PnE,rockabilly
2OARIMw1hpehr86Iwmv04c,Peggy Sue,Buddy Holly,3wYyutjgII8LJVVOLrGI0D,rockabilly
5tHFPtV7dT01fxDe2AhKjD,Rip It Up,Little Richard,4xls23Ye9WR9yy3yYMpAMm,soul
10DTjZTPH0y0XXFYp43AXC,Ain't Got No Home - Remastered,"Clarence ""Frogman"" Henry",3EYYw0bxDMBYfLoBehpsNf,rock-and-roll
6TYR3IVgIwDK6ydc2EPEQq,Lonely Teardrops,Jackie Wilson,4VnomLtKTm9Ahe1tZfmZju,soul
2aEeghgUcnu75tzcolFMfs,La Bamba - Single Version,Ritchie Valens,5Y9xEAGW4GwGJgbiI6W85P,rockabilly
01u6AEzGbGbQyYVdxajxqk,Don't Be Cruel,Elvis Presley,43ZHCT0cAZBISjO8DG9PnE,rockabilly
4fHDlIntTsRGSyTg5UYZYC,Banana Boat (Day-O),Harry Belafonte,6Tw1ktF4xMmzaLLbe98I2z,lounge
5wJXbK6be3OUwZHrqEuuaD,Good Golly Miss Molly - Remastered,Little Richard,4xls23Ye9WR9yy3yYMpAMm,soul
2ZNTPtYmAhN9vCwnAgqKn1,"Shout, Pts. 1 & 2",The Isley Brothers,53QzNeFpzAaXYnrDBbDrIp,southern soul
7ycFNferNuk6wAjBa0vWvl,Little Darlin',The Diamonds,3s9kaLrpplvv4vIzZBYPga,rockabilly
06PdA0DLgF4BfAeUNZAbFG,Blueberry Hill,Fats Domino,09C0xjtosNAIXP36wTnWxd,soul
5ueyLj6e6oVaTY0KQ6yLaA,All Shook Up,Elvis Presley,43ZHCT0cAZBISjO8DG9PnE,rockabilly
50RwvvEKX5Q7AZt8FTAwIF,That'll Be The Day,Buddy Holly,3wYyutjgII8LJVVOLrGI0D,rockabilly
507IFqPuG8mBQoKebfGG9t,Long Tall Sally (The Thing),Little Richard,4xls23Ye9WR9yy3yYMpAMm,soul
0QGwOFQChzflLAmPq5NwKo,A Teenager In Love,Dion & The Belmonts,2loYllWFfoWpoxC5YrJKc4,rockabilly
4OnqJ1ml4Jgr5AAKNrrYCD,Down in Mexico,The Coasters,3QZKZBEmr54lAVI5XvmjnM,soul
4ZfQwNx3FlCN07cnUvekh3,Ain't That A Shame,Fats Domino,09C0xjtosNAIXP36wTnWxd,soul
64Ny7djQ6rNJspquof2KoX,Hound Dog,Elvis Presley,43ZHCT0cAZBISjO8DG9PnE,rockabilly
0GVvRmCoiLkhxJvlZy9bLk,In The Still of the Night,The Five Satins,2YP02JRa1JLejrg3XTssJS,rock-and-roll
2iXcvnD3d1gfLBum0cE5Eg,Tutti Frutti,Little Richard,4xls23Ye9WR9yy3yYMpAMm,soul
3Timk4Wy8wnJDCfq6O7YDW,16 Candles,Johnny Maestro,1pXoY8oTJtPVGsrB4jmCRw,rock-and-roll
7demHL0GXA6YmTNqw3Btz8,Yakety Yak,The Coasters,3QZKZBEmr54lAVI5XvmjnM,soul
6wcKmXUzB6SExvGbleZkeI,At The Hop,Danny & The Juniors,6Ahm6X9wSKXitavOvu0XzY,rockabilly
3iskX6pzPZOyUNoVCQ7oMz,Baby (You've Got What It Takes),Dinah Washington,32LHRiof0sa4taYew9i3Fa,vocal jazz
0TMrV95mP7sDlvbE4iVfKP,Be-Bop-A-Lula,Gene Vincent & His Blue Caps,7lKaTIgVek1R2lqpCulQmq,rockabilly
2xNDO4i0qxmkxYptUbxYpx,Blue Skies,Ella Fitzgerald,5V0MlUE1Bft0mbLlND7FJz,vocal jazz
47gmoUrZV3w20JAnQOZMcO,Blue Suede Shoes,Elvis Presley,43ZHCT0cAZBISjO8DG9PnE,rockabilly
05r0esO8ozJjsN7DzsJoMy,Blue Suede Shoes,Carl Perkins,5hIClg6noTaCzMu2s5wp4f,rockabilly
1N131UBLlYAUJNVpHOfEc1,The Book of Love,The Monotones,39aV9if9R4QuPZxrJsxc9a,rhythm and blues
7j2OoTiQHGLRLSfqISKKY6,Born Too Late,The Poni-Tails,2NbPfkf3TYSRoJ64inF0AN,vocal harmony group
40KCF1U2DNceYsugxZQruU,Broken Hearted Melody,Sarah Vaughan,1bgyxtWjZwA5PQlDsvs9b8,vocal jazz
0DXm5n7SBxCED9ssTvrx2J,Buona Sera - Remastered,Louis Prima,52lBOxCxbJg0ttXEW9CQpW,vocal jazz
1j7HyD3cxyYw9bMFevxWyR,Bye Bye Love,The Everly Brothers,4ACplpEqD6JIVgKrafauzs,sunshine pop
6Q0aBakbTsjQO6iGdxmXlx,Charlie Brown,The Coasters,3QZKZBEmr54lAVI5XvmjnM,soul
3vFVS2WYHDG4KkWCNecvpn,Dream A Little Dream Of Me,Ella Fitzgerald,5V0MlUE1Bft0mbLlND7FJz,vocal jazz
1KLpjQFgubHI3GkAICCNH3,Dream Lover,Bobby Darin,0EodhzA6yW1bIdD5B4tcmJ,vocal jazz
21NhrNOfIoakyWISXUMkFN,Get a Job,The Silhouettes,5LmehwqsJa7a4Ya5SaqXpx,rhythm and blues
50meIWPMuhYgQSXfSsUvtI,"Goodnite, It's Time to Go (Goodnight Sweetheart, Goodnight)",The Spaniels,0EkpTQlDjByRT3m4wOsr4P,rhythm and blues
3YmELj8vHY6mKIzphgtQlM,Great Balls Of Fire,Jerry Lee Lewis,2zyz0VJqrDXeFDIyrfVXSo,rockabilly
7DH5dXVuQaqcKf9oTy9oUN,He'll Have to Go,Jim Reeves,2Ev0e8GUIX4u7d9etNLTXg,nashville sound
0F845nujLVqCb0XMZCh5Pc,I Fall In Love Too Easily - Vocal Version,Chet Baker,3rxeQlsv0Sc2nyYaZ5W71T,vocal jazz
55yFboSykwIU6EueKsNC4N,I'm A Man,Bo Diddley,2bmixwMZXlkl2sbIbOfviq,traditional blues
1jKcwPfDloLOMxC1wMV0ux,I'm Gonna Get Married,Lloyd Price,3iOE5ItEv5xr9fmKi7GNh2,rockabilly
1duCPx5TGotRzzWdodsHt1,I'm Old Fashioned - Remaster/1997,John Coltrane,2hGh5VOeeqimQFxqXvfCUf,vocal jazz
65DHarvIY5nZ57ZcgTxx75,It's All In The Game,Tommy Edwards,1ObAu0tz0NlOI6FNHTXchD,rhythm and blues
6Em0JcoORXzv0BGfxAacpv,It's Only Make Believe - Single Version,Conway Twitty,7gi3jmwpUpNWdswT8eEprF,country rock
4gFlHAye7To29Fs4UszQUH,I Get Along Without You Very Well (Except Sometimes) - Vocal Version,Chet Baker,3rxeQlsv0Sc2nyYaZ5W71T,vocal jazz
1slMt4LizkO9dVcMZItJ1O,Jambalaya (On The Bayou),Fats Domino,09C0xjtosNAIXP36wTnWxd,soul
3BUQFs6aFWh7EFNmI8bfL7,Johnny B. Goode,Chuck Berry,293zczrfYafIItmnmM3coR,soul
6lYeYgSkWh6TZDQy6YZuvG,Just A Gigolo - Remastered,Louis Prima,52lBOxCxbJg0ttXEW9CQpW,vocal jazz
1UzlJGnPQLCIDAHuKSjQQT,Just In Time - Remastered/1998,Dean Martin,49e4v89VmlDcFCMyDv9wQ9,lounge
2ePDfIXoP2HmC1hfsujb2J,Let The Good Times Roll,Shirley & Lee,7kowgNVIlvDxx9Uhvcft5Y,rhythm and blues
4A6Wc861ATCUC9tZe5S52X,Lollipop,The Chordettes,62GnBjssWSXBlKvQohT2Bk,vocal harmony group
4kh2S9hRpPvoF9JkwZcYGN,Lonely Boy,Paul Anka,7ceUfdWq2t5nbatS6ollHh,rock-and-roll
56XoFI6v7kbGNdM8ALYWof,Lonesome Town - 1990 Digital Remaster,Ricky Nelson,73sSFVlM6pkweLXE8qw1OS,rockabilly
3FL0L1AhHjFfhxQPGWjKkn,Love Is Strange,Mickey & Sylvia,4Ej7Oks6loB2oJQ3O7Rujs,rhythm and blues
5WAPUAldIHRM28j5fUl1ak,Love Potion No.9,The Clovers,0ckkj0a9CvIJr4h84B0OlN,rock-and-roll
3E5ndyOfO6vFDEIE42HA8o,Mack the Knife,Bobby Darin,0EodhzA6yW1bIdD5B4tcmJ,vocal jazz
58PSYdY0GFg0LFb2PxYk4T,Mannish Boy,Muddy Waters,4y6J8jwRAwO4dssiSmN91R,traditional blues
2xMAFTxwZ0w1twuyMZcYb7,Maybe,The Chantels,08kLJJHCIH3KZGk4FZmWSK,rhythm and blues
0SfreyN9i8MPgrtYS5PCjg,Maybe Baby,The Crickets,4r7JUeiYy24L7BuzCq9EjR,rockabilly
2bFZSvstZf6xX8h69F7Bvf,Maybellene,Chuck Berry,293zczrfYafIItmnmM3coR,soul
00e59ZgjHI2GwsiY3oXayw,Mister Sandman,The Chordettes,62GnBjssWSXBlKvQohT2Bk,vocal harmony group
0jqr2lIlIU09FsuSOibDdA,Money (That's What I Want),Barrett Strong,3MKwHkhEjcvzva2rasZeWD,motown
4vDEkER6ToECKrxiPzE2Tp,Move It - 2002 Remaster,Cliff Richard & The Drifters,1yAdL4L8voXQspjN6rdj4b,rock-and-roll
1VI29k31nGdasgJ8BBpPu8,Oh! Carol,Neil Sedaka,5N6GwJzOcOY5kv8p0NjhYL,soft rock
2Tv1cGl60jwtHpOJ9dNPxH,On The Street Where You Live,Vic Damone,4seoDLqmOLUf59y72WJP7g,vocal jazz
66D7zHfeW0frszhjR9ewZ1,Only You (And You Alone),The Platters,6KWcxMWVNVIYbdOQyJtsSy,rockabilly
0FD8KMG4pHp0O9clTpChjp,I Say a Little Prayer,Aretha Franklin,7nwUJBm0HE4ZxD3f5cy5ok,southern soul
6AeG6jSoAVbmUFO6LyYmBf,People Get Ready,The Impressions,1b1N51wmSK0ckxFAMPSSHO,soul
1uLwVWTOpMqNkBsjpR1WB8,You Don't Have To Say You Love Me,Dusty Springfield,5zaXYwewAXedKNCff45U5l,vocal jazz
2j24h8ZvzouJRg2HzHvRH4,Heaven Must Have Sent You - Mono Single,The Elgins,0CMVsLgjlp9Tk02TikMAQK,soul
5jsxE1nDuRrEgN9gmbWWYS,Playboy,The Marvelettes,0MponVSpW81oLvJZ53vYZH,southern soul
7utoClKnLShFg6u6dZ20gp,Breaking Up Is Hard to Do,Neil Sedaka,5N6GwJzOcOY5kv8p0NjhYL,soft rock
3qitymULqEibr7yknRMKU4,A Whiter Shade Of Pale,Procol Harum,0GbqW5TJr7n4is453VOY4C,symphonic rock
2g2GkH3vZHk4lWzBjgQ6nY,(What A) Wonderful World,Sam Cooke,6hnWRPzGGKiapVX1UCdEAC,soul
1zW2csx1vVJrKfvDrFQNVt,Jump in the Line,Harry Belafonte,6Tw1ktF4xMmzaLLbe98I2z,lounge
077PiyK3YgRlnlwhtAUBp7,California Dreamin' - Single Version,The Mamas & The Papas,1bs7HoMkSyQwcobCpE9KpN,sunshine pop
3nr6QXimwd9K4hpuFdgr6N,I Left My Heart In San Francisco,Tony Bennett,2lolQgalUvZDfp5vvVtTYV,vocal jazz
48VbR0NaVDvJ4ZguFdS0xa,This Magic Moment,Ben E. King,3plJVWt88EqjvtuB4ZDRV3,southern soul
0j4nxNMlaLybQ2sLA1Nxpr,The Look Of Love - Mono Version,Dusty Springfield,5zaXYwewAXedKNCff45U5l,vocal jazz
2KQM3kDM0zMBC9iynePBbS,Stand By Me,Ben E. King,3plJVWt88EqjvtuB4ZDRV3,southern soul
7FS541dJh3iQAEXEZoDhE6,Twistin' the Night Away,Sam Cooke,6hnWRPzGGKiapVX1UCdEAC,soul
45yEy5WJywhJ3sDI28ajTm,Here Comes The Sun - Remastered,The Beatles,3WrFJ7ztbogyGnTHbHJFl2,rock
3TmnUIbelFiDzrhZqavHU0,Speedy Gonzales,Pat Boone,7fmKtIgmxqNEKjATioVNsu,rockabilly
1sM0yZDxUhPQhkDh2CLd6l,Travelin' Man - Remastered,Ricky Nelson,73sSFVlM6pkweLXE8qw1OS,rockabilly
6NDg4EyQE5lalcCEEpytsM,"(Ummmm, Oh Yeah) Dearest",Buddy Holly,3wYyutjgII8LJVVOLrGI0D,rockabilly
3UCmuRdeTriWgOZMEJsfqZ,Spanish Harlem,Ben E. King,3plJVWt88EqjvtuB4ZDRV3,southern soul
3MtP9T0WF4xbIo8vqHYeXM,Spooky,Dusty Springfield,5zaXYwewAXedKNCff45U5l,vocal jazz
6e6Kxot9nHyZ4I8GgmGKII,Nothing Can Change This Love,Sam Cooke,6hnWRPzGGKiapVX1UCdEAC,soul
0DICNd5XQ1og9UeYzxoNFV,Baby (You've Got What It Takes),Dinah Washington,32LHRiof0sa4taYew9i3Fa,vocal jazz
6ImmlZj8ysK2jDnqqbKp60,"Hello Mary Lou, Goodbye Heart - Remastered",Ricky Nelson,73sSFVlM6pkweLXE8qw1OS,rockabilly
4HjwGX3pJKJTeOSDpT6GCo,What's New Pussycat?,Tom Jones,1T0wRBO0CK0vK8ouUMqEl5,mellow gold
7rGOWzo4evAQQ2FzrSKp0B,Tell Him - Single Version,The Exciters,2GF1B0GIaFrLFLdfH6ufRO,rhythm and blues
0FlITClPKfKqQxVHzFD3iF,I Only Want To Be With You,Dusty Springfield,5zaXYwewAXedKNCff45U5l,vocal jazz
5z8DiKSG4EwxmO6gUi12rZ,Another Saturday Night,Sam Cooke,6hnWRPzGGKiapVX1UCdEAC,soul
1c7ELD4W6VyoKTglc4zzUH,Mad About The Boy,Dinah Washington,32LHRiof0sa4taYew9i3Fa,vocal jazz
3CFx8SBSwY8Q1IplDTQ6kB,Spanish Eyes,Al Martino,7egNqIGRldMzifHoh8pib6,lounge
2v8B8d17Xxu9uLU5sNiHSL,Delilah,Tom Jones,1T0wRBO0CK0vK8ouUMqEl5,mellow gold
4VijLEUxHEzbWKYL5u9wuN,You Send Me,Aretha Franklin,7nwUJBm0HE4ZxD3f5cy5ok,southern soul
44pN9jfSqY3d3lrKuv3QeN,In Dreams,Roy Orbison,0JDkhL4rjiPNEp92jAgJnS,rockabilly
7v1858htfU0srTDwhxeka8,Chain Gang,Sam Cooke,6hnWRPzGGKiapVX1UCdEAC,soul
5eZ6igEpm6n3h2ygKP3Vq4,You're All I Need To Get By,Marvin Gaye,3koiLjNrgRTNbOwViDipeA,soul
0gBFr7N2D1GfhkXIIepIGG,To Sir with Love,Lulu,0jYKX08u1XxmHrl5TdM2QZ,rock-and-roll
5BFWQXNGPYadZxNKxY1UfU,Green Green Grass Of Home,Tom Jones,1T0wRBO0CK0vK8ouUMqEl5,mellow gold
2oZmMp5M6L0Rh7G84Um2tF,Chain of Fools,Aretha Franklin,7nwUJBm0HE4ZxD3f5cy5ok,southern soul
0PkBTqRtN25z3oKasWoKlj,Only the Lonely,Roy Orbison,0JDkhL4rjiPNEp92jAgJnS,rockabilly
6VqVieqjDEwS3mByMq4OzB,Cupid,Sam Cooke,6hnWRPzGGKiapVX1UCdEAC,soul
0l9RGwc48deJ6j61KXAAvs,"Yester-Me, Yester-You, Yesterday",Stevie Wonder,7guDJrEfX3qb6FEbdPA5qi,soul
1GwdWdvSumgsgKorY9qA2g,On the Road Again,Canned Heat,27a0GiCba9K9lnkKidroFU,roots rock
3k63RLvRgkgPGx0keOH3P6,Different Drum,Stone Poneys,2X9nnux4eS3CFBDSjcnoBQ,no genre
7N3UAu6FkwdBg9J7OONBBP,Jimmy Mack,Martha Reeves & The Vandellas,1Pe5hlKMCTULjosqZ6KanP,soul
6eLL7QTdMWdhhG4i3jHDR9,Crying,Roy Orbison,0JDkhL4rjiPNEp92jAgJnS,rockabilly
3c06k9x6MHHdPQi3ix68yF,Daydream,The Lovin' Spoonful,7CCn4PFRRRZF127jtCBAUe,traditional folk
5q5q7yDHiVkBnaivsda4TN,Uptight (Everything's Alright),Stevie Wonder,7guDJrEfX3qb6FEbdPA5qi,soul
57460SJgSpCXaRJ9YIYHxy,Going Up The Country,Canned Heat,27a0GiCba9K9lnkKidroFU,roots rock
1kz3vwmLiBlW3A73exQSNx,You Really Got a Hold on Me,Percy Sledge,3rRmDmzPcAFwcUDvG5gBqO,southern soul
1WPqawIF9HCKfSOt7mN6X0,Nowhere To Run,Martha Reeves & The Vandellas,1Pe5hlKMCTULjosqZ6KanP,soul
1tqT6DhmsrtQgyCKUwotiw,I Heard It Through The Grapevine,Marvin Gaye,3koiLjNrgRTNbOwViDipeA,soul
4JchWgAG3RZmCLHcEGf9DZ,Chapel of Love,The Dixie Cups,7ICvZfP4VHAPZ5Wdt03772,classic girl group
4kP69y3GKHi9tXckfgp4bK,For Once In My Life,Stevie Wonder,7guDJrEfX3qb6FEbdPA5qi,soul
20fHsQJ6sXz6EFN3VTPpOD,What A Man,Linda Lyndell,5zU5MAgXh6Lcs3FY2KSFNQ,memphis soul
2Bs1Lw9LX8hBm70t1iGdlh,He's So Fine - Remastered 2000,The Chiffons,05sIdEkXAYDbDDdv3T56Oj,rock-and-roll
3VgrSJEKBRT3xmwzpaxxEF,(Love Is Like A) Heat Wave,Martha Reeves & The Vandellas,1Pe5hlKMCTULjosqZ6KanP,soul
7xsH4s0GwIQUhId1AtPVZv,How Sweet It Is (To Be Loved By You),Marvin Gaye,3koiLjNrgRTNbOwViDipeA,soul
1JguzruTnY4PrbWu7BKD38,Love Child,Diana Ross & The Supremes,0rXI0q8Cahq6numvPlloaq,soul
6Udg88zGCFc2xA9M4EavzH,My Cherie Amour,Stevie Wonder,7guDJrEfX3qb6FEbdPA5qi,soul
3xsOtNxtBW0oTI1OWKAzTm,Walk on By,Dionne Warwick,2JSjCHK79gdaiPWdKiNUNp,vocal jazz
6vcG9EgeqJUSmmF65lxUm6,One Fine Day,The Chiffons,05sIdEkXAYDbDDdv3T56Oj,rock-and-roll
2BGNomqCxEDcXyxf8bg27k,Eight Miles High,The Byrds,1PCZpxHJz7WAMF8EEq8bfc,traditional folk
252YuUdUaC5OojaBU0H1CP,Come A Little Bit Closer,Jay & The Americans,0DAqhikcMKLo2lPADVz2fs,rock-and-roll
79Yk6AlSKi5dxDFINID2hS,Someday We'll Be Together,Diana Ross & The Supremes,0rXI0q8Cahq6numvPlloaq,soul
4Sz8zFchpHQVQVqVyGz5Jb,You Beat Me To The Punch - Stereo Version,Mary Wells,1cjZk1xXn3YCToNg3uJpA7,soul
3no0tiiQldD3LnsxwVtnnk,You've Lost That Lovin' Feelin' - Single Version,The Righteous Brothers,4b0WsB47XCa9F83BmwQ7WX,rock-and-roll
1MMp1H2Kib2BCDtdL5nL63,Hey Jude,Wilson Pickett,0N5PyKJzS3M1XNlaCL7bbE,southern soul
2HCaIYjkvWSZzaSKUoOh3d,Mr. Tambourine Man,The Byrds,1PCZpxHJz7WAMF8EEq8bfc,traditional folk
1vG906bxMqUVufJoLSF4rV,You've Really Got A Hold On Me,Smokey Robinson & The Miracles,6TKOZZDd5uV5KnyC5G4MUt,southern soul
3Rhxe6P1im82NFVkt9X2qZ,I'm Gonna Make You Love Me,Diana Ross & The Supremes,0rXI0q8Cahq6numvPlloaq,soul
7arXVtGNJPa7aOHiKOeUsl,My Guy - Single Version,Mary Wells,1cjZk1xXn3YCToNg3uJpA7,soul
2SWBfqj1FrS8t8z56G55rP,I Got You Babe,Sonny & Cher,71lGEtP9qYXDsSXjfexTqO,rock-and-roll
5Sz09kaSzvpTC8lgm5W8Mt,Mustang Sally,Wilson Pickett,0N5PyKJzS3M1XNlaCL7bbE,southern soul
5qBqBdfTEIWJwAS0Jm2F5R,Turn! Turn! Turn! (To Everything There Is a Season),The Byrds,1PCZpxHJz7WAMF8EEq8bfc,traditional folk
4Dq749x2QP6OXTURJ9GGY8,The Tears Of A Clown,Smokey Robinson & The Miracles,6TKOZZDd5uV5KnyC5G4MUt,southern soul
7GHf8dQ2wA71wYOuRsQCZP,Rhythm of the Rain,The Cascades,6qF0CJP412Gd50Rn1sFg2o,rock-and-roll
7cNRqg0lbiqBaGeOlA4AEU,Up on the Roof,The Drifters,1FqqOl9itIUpXr4jZPIVoT,soul
76Zi40dd2HoTn3sehttJhY,My Way,Frank Sinatra,1Mxqyy3pSjf8kZZL4QVxS0,lounge
76ICmoJ4PcoMWoooaTxnQs,Land of 1000 Dances,Wilson Pickett,0N5PyKJzS3M1XNlaCL7bbE,southern soul
0bfvHnWWOeU1U5XeKyVLbW,Can't Take My Eyes off You,Frankie Valli,3CDKmzJu6uwEGnPLLZffpD,soft rock
6QyQmdvQ1ywNccYa0pwLNQ,The Tracks Of My Tears,Smokey Robinson & The Miracles,6TKOZZDd5uV5KnyC5G4MUt,southern soul
5E1pngWasYW2Y6OjV6WMUs,You Don't Own Me,Lesley Gore,08b2PA6eFyugsWAk41eQKZ,rock-and-roll
0jrdWPwYjUZvqfJcwE8ddh,Saturday Night at the Movies,The Drifters,1FqqOl9itIUpXr4jZPIVoT,soul
6EAlFsajDK1PVgfhdJbS5Y,Something's Got A Hold On Me,Etta James,0iOVhN3tnSvgDbcg25JoJb,vocal jazz
4NRQwaks9r58tTDvr4iEyv,In the Midnight Hour,Wilson Pickett,0N5PyKJzS3M1XNlaCL7bbE,southern soul
6KKcey1w86oP0qxN8frbfD,Green Onions - 45 Version,Booker T. & the M.G.'s,2vDV0T8sxx2ENnKXds75e5,southern soul
0p005IFxS4eFfXNk0m7jjM,I Second That Emotion,Smokey Robinson & The Miracles,6TKOZZDd5uV5KnyC5G4MUt,southern soul
4NL8D4RQsC6ux6eI3m3Lg5,Everybody Needs Somebody to Love,Solomon Burke,4nts0oxMT67lVUoi5Kjxrb,southern soul
65jrjEhWfAvysKfnojk1i0,Under the Boardwalk,The Drifters,1FqqOl9itIUpXr4jZPIVoT,soul
3QnHWkNMY2mpy494Bis0ly,I Just Want To Make Love To You - Single Version,Etta James,0iOVhN3tnSvgDbcg25JoJb,vocal jazz
5y788ya4NvwhBznoDIcXwK,The Sound of Silence - Acoustic Version,Simon & Garfunkel,70cRZdQywnSFp9pnc2WTCE,rock
7jGrvXXwpmNgJVnz7QS7df,Strange - Single Version,Patsy Cline,7dNsHhGeGU5MV01r06O8gK,nashville sound
6v4gV9s0pnwKbmF1yk5knO,Papa's Got A Brand New Bag,James Brown,7GaxyUddsPok8BuhxN6OUW,soul
0zABw1PtGYHsU4VDpDZsra,Needles and Pins - Mono,The Searchers,4QmkLL9JOqM9dusHS1Hghe,rockabilly
391TUcoPonqYykPkSZ5Z9U,Save the Last Dance for Me,The Drifters,1FqqOl9itIUpXr4jZPIVoT,soul
1kPBT8S2wJFNAyBMnGVZgL,I'd Rather Go Blind,Etta James,0iOVhN3tnSvgDbcg25JoJb,vocal jazz
3g2fYZW5v2od8KIF7VktT0,Scarborough Fair / Canticle,Simon & Garfunkel,70cRZdQywnSFp9pnc2WTCE,rock
4H1POasJbrLNaQirsIH29e,She's Got You - Single Version,Patsy Cline,7dNsHhGeGU5MV01r06O8gK,nashville sound
35hfuechuOqaW31ogdauO7,It's In The Kiss (The Shoop Shoop Song),Betty Everett,53jXEVVJtpaWVQ3ffvhDtl,southern soul
7pQAq14Z73YUFMtxCyt0bG,Can't Buy Me Love - Remastered 2015,The Beatles,3WrFJ7ztbogyGnTHbHJFl2,rock
6dopwpvkFOi4LBUSE6R0qd,Please Mr. Postman,The Marvelettes,0MponVSpW81oLvJZ53vYZH,southern soul
0zGLlXbHlrAyBN1x6sY0rb,A Sunday Kind Of Love,Etta James,0iOVhN3tnSvgDbcg25JoJb,vocal jazz
6dfhF1BDGmhM69fnCb6wSC,America,Simon & Garfunkel,70cRZdQywnSFp9pnc2WTCE,rock
3zpj9dvJABiyMrmLCPw6i8,Crazy - Single Version,Patsy Cline,7dNsHhGeGU5MV01r06O8gK,nashville sound
4UGxnxGlpc7BB8Cbu8vITC,Hit the Road Jack,Ray Charles,1eYhYunlNJlDoQhtYBvPsi,vocal jazz
5JT7CoUSGNk7mMNkHMQjqr,Love Me Do - Mono / Remastered,The Beatles,3WrFJ7ztbogyGnTHbHJFl2,rock
5A9Lz0DPD0wo2QDqGm4zh9,It's My Party,Lesley Gore,08b2PA6eFyugsWAk41eQKZ,rock-and-roll
4Hhv2vrOTy89HFRcjU3QOx,At Last,Etta James,0iOVhN3tnSvgDbcg25JoJb,vocal jazz
4Xl2PrS3DJqqSKXCo6Uhv9,Homeward Bound,Simon & Garfunkel,70cRZdQywnSFp9pnc2WTCE,rock
6zFsz86nAj5gcvzyVqNL3k,I Fall To Pieces - Single Version,Patsy Cline,7dNsHhGeGU5MV01r06O8gK,nashville sound
7E8VSUdBkRURoqzEQ7jQgb,I Got You (I Feel Good),James Brown,7GaxyUddsPok8BuhxN6OUW,soul
3ohLnESFgYACPMCkoTOzqE,The Twist,Chubby Checker,7qQJQ3YtcGlqaLg5tcypN2,rockabilly
5FKkbyGm42hw1y08l2knlO,(I Can't Get No) Satisfaction - Mono Version,The Rolling Stones,22bE4uQ6baNwSHPVcDxLCe,rock
27bw4i8LnECzVlbMZ4kFHw,Cathy's Clown - Remastered Album Version,The Everly Brothers,4ACplpEqD6JIVgKrafauzs,sunshine pop
3zO43dKEXybDrwWyGmkSLx,It Takes Two,Marvin Gaye,3koiLjNrgRTNbOwViDipeA,soul
67csrS6po7IyXfwds4azjr,It's Not Unusual,Tom Jones,1T0wRBO0CK0vK8ouUMqEl5,mellow gold
0g6UcrVsACnRJyTGX6uSHu,Gimme Some Lovin' - Single Mix,The Spencer Davis Group,3i9hP422d2KMjaupTzBNVS,rock-and-roll
7xcFTtcCiyRvqLLq8s61WF,You Never Can Tell,Chuck Berry,293zczrfYafIItmnmM3coR,soul
4TBBPZks71c60whhq0PgdP,(Your Love Keeps Lifting Me) Higher & Higher,Jackie Wilson,4VnomLtKTm9Ahe1tZfmZju,soul
11fNLqDB47gMKj7BHhR2Qr,Wake up Little Susie,The Everly Brothers,4ACplpEqD6JIVgKrafauzs,sunshine pop
1WN4uNclrDuczTO3bCr8s1,Be My Baby,The Ronettes,7CyeXFnOrfC1N6z4naIpgo,soul
6i6vTovzDTGf6AQp96YwZK,Waterloo Sunset - Stereo Mix,The Kinks,1SQRv42e4PjEYfPhS0Tk9E,roots rock
3mNfU0psAm7h3s6Dn6i7SD,Walkin' Back to Happiness,Helen Shapiro,05kB8yh0Bbxj73qH63Ob3C,rock-and-roll
02Y0CtzmhTLjTOg0cWvAhq,No Milk Today - Mono Version,Herman's Hermits,48YxSlb23RAaCd4RyHcV9V,rock-and-roll
73XQBWHSVLL1939hb8cQTm,Georgy Girl,The Seekers,7dedWAqd0IKTdCiqiadUrV,traditional folk
5oeFEW0WGSGEdXMDKNI4z4,"You're Sixteen, You're Beautiful (And You're Mine)",Johnny Burnette,3PrFCybHMqrcPls31JxoIl,rockabilly
2S6XOQqWqUBIySUU00vMru,Beggin',Frankie Valli & The Four Seasons,6mcrZQmgzFGRWf7C0SObou,rock-and-roll
20wbR4HxNaR4gWjMLQvUp2,Last Train to Clarksville - Original Stereo Version; 2006 Remaster,The Monkees,320EPCSEezHt1rtbfwH6Ck,sunshine pop
601a0vnyLYe7pzLKVjKSha,How Do You Do It? - Mono,Gerry & The Pacemakers,3UmBeGyNwr4iDWi1vTxWi8,rock-and-roll
26FHHkqUgQG9AChc0oq1Ol,Foot Tapper - 2003 Remaster,The Shadows,03hfAxVdAWj7kxDnSG0fLD,rockabilly
2Qm5DrmotzWvqNM3JlcQYo,Let's Dance,Chris Montez,0QRgfCLzSR9GyCjXboWQTA,rock-and-roll
6YffUZJ2R06kyxyK6onezL,Ring of Fire,Johnny Cash,6kACVPfCOnqzgfEF5ryl0x,outlaw country
3TETmhGNWOcquUTtcr6RIR,The House of the Rising Sun,The Animals,3ICflSq6ZgYAIrm2CTkfVP,rock-and-roll
0i7O5MtSTXvR4BEY7stpjF,Hang On Sloopy,The McCoys,6etIM3JbzGPxTdfNWWfsVH,merseybeat
23xk9Rf7oIHVUU1JvmXYFn,Mony Mony,Tommy James & The Shondells,01hRNr3yF5bYnPq4wZ88iI,soft rock
0iA3xXSkSCiJywKyo1UKjQ,Louie Louie,The Kingsmen,2iIn8H3l2NNBNHFpYKWbfo,classic garage rock
2CT08rpgdut8qQs7IAzMGi,Friday On My Mind,The Easybeats,1pJEZXU2hJApJW3rM7LmMu,psychedelic rock
1udKn1oNKYQSQ9OmiIWCMu,Do You Believe in Magic?,The Lovin' Spoonful,7CCn4PFRRRZF127jtCBAUe,traditional folk
5rVj0WJEGMO0WQeX9GG4kh,Bus Stop,The Hollies,6waa8mKu91GjzD4NlONlNJ,soft rock
4j2W1eM03mz5MVN5LvR7VH,These Boots Are Made for Walkin',Nancy Sinatra,3IZrrNonYELubLPJmqOci2,vocal jazz
7EjyzZcbLxW7PaaLua9Ksb,Surfin' Bird,The Trashmen,5QEA3sofVt5QckQA6QX2nN,surf music
7FXuCkl1kfxwS5icDjTwbM,Hard to Handle,Otis Redding,60df5JBRRPcnSpsIMxxwQm,southern soul
4eGHlplaq1ME8oetnTuFFf,Soul Man,Sam & Dave,2BVYdY4PyfCF9z4NrkhEB2,southern soul
19jo0UT2vqD4pNVfIqTy4R,River Deep - Mountain High,Ike & Tina Turner,1ZikppG9dPedbIgMfnfx8k,southern soul
7hbS99uuSAjqwFwcYgUdEV,Carrie Anne,The Hollies,6waa8mKu91GjzD4NlONlNJ,soft rock
0pvA063uNyGQFp7DNtmk0P,Sweet Soul Music,Arthur Conley,10TSIJnyUcowWhpjj59gHB,southern soul
3ZxfehzRtB3oJcBuxWXFZQ,It's Your Thing,The Isley Brothers,53QzNeFpzAaXYnrDBbDrIp,southern soul
71tjsDvB4EMJqNG8EMmFnb,Comin' Home Baby,Mel Tormé,4X8QFzZ1HqwPfwDfyjtwXC,vocal jazz
1UwriLz98ILbRhrtohTca1,The Wanderer,Dion,15FyiY3ChN0QRspHIQYq0W,rockabilly
5hgei65n0pGJ9uUHo8v2en,Things,Bobby Darin,0EodhzA6yW1bIdD5B4tcmJ,vocal jazz
3LmpQiFNgFCnvAnhhvKUyI,Stayin' Alive - Remastered Version,Bee Gees,1LZEQNv7sE11VDY3SdxQeN,soft rock
3M5eeHXgG4VplKNcsBC8Dj,"Signed, Sealed, Delivered (I'm Yours)",Stevie Wonder,7guDJrEfX3qb6FEbdPA5qi,soul
2ozTcQyZQmm9tSmc4VZfwU,Laughter In The Rain,Neil Sedaka,5N6GwJzOcOY5kv8p0NjhYL,soft rock
2yDQVcj26tpi9IUJhw9xDs,My Eyes Adored You,Frankie Valli,3CDKmzJu6uwEGnPLLZffpD,soft rock
3wpLkju0bJy89kjgdRys0j,September,"Earth, Wind & Fire",4QQgXkCYTt3BlENzhyNETg,soul
4Vn7TykT27PIygBiZjTR2s,Hotel California - 2013 Remaster,Eagles,0ECwFtbIWEVNwjlrfc6xoL,yacht rock
2JoZzpdeP2G6Csfdq5aLXP,How Deep Is Your Love,Bee Gees,1LZEQNv7sE11VDY3SdxQeN,soft rock
3rqXP37YkEnizabzjM7uIu,"You're The First, The Last, My Everything",Barry White,3rfgbfpPSfXY40lzRK7Syt,soul
17arUdDWEinOOVrrVUkEM7,Hold the Line,TOTO,0PFtn5NtBbbUNbU9EAmIWF,yacht rock
5pkd9ib1RgbkAd1R9bIOCa,Cracklin' Rosie - Single Version,Neil Diamond,7mEIug7XUlQHikrFxjTWes,yacht rock
4yrM5BVyJzy5Ed4GPO6e8j,I Wanna Be Your Lover,Prince,5a2EaR3hamoenG9rDuVn8j,synth funk
5LDTnh9Bnzpghb1si4b2BI,Mercy Mercy Me (The Ecology),Marvin Gaye,3koiLjNrgRTNbOwViDipeA,soul
5VJjhHyG8NZ5xdgG6uTb3P,Brick House,Commodores,6twIAGnYuIT1pncMAsXnEm,soul
6H7nDglS6xWpRidbhMwI2L,Here You Come Again,Dolly Parton,32vWCbZh0xZ4o9gkz4PsEU,country dawn
0HdcunWW5FsRqKr3lwJOIo,Follow You Follow Me - Remastered 2007,Genesis,3CkvROUTQ6nRi9yQOcsB50,symphonic rock
1K1nzhbKCNmrNXi9B07mPF,Forever In Blue Jeans,Neil Diamond,7mEIug7XUlQHikrFxjTWes,yacht rock
19Shlms2uTnOjIUg50TXzd,Never Going Back Again - 2004 Remaster,Fleetwood Mac,08GQAI4eElDnROBrJRGE0X,yacht rock
6x959m2QDvatSwUAVCHIuf,Why Can't We Be Friends,War,3ICyfoySNDZqtBVmaBT84I,soul
3n48NtvOovv1UMTA41zxMn,"Bad Girls - 12"" Version",Donna Summer,2eogQKWWoohI3BSnoG7E2U,new wave pop
1v1PV2wERHiMPesMWX0qmO,Flash Light,Parliament,5SMVzTJyKFJ7TUb46DglcH,soul
5qbj8dqll1Kopdku7Ssz9l,Police & Thieves,Junior Murvin,17dXLKGh9AKpooAvGaVt34,ska
4wOKTOwGVrie2GIbCMEe7U,I Am...I Said - Single Version,Neil Diamond,7mEIug7XUlQHikrFxjTWes,yacht rock
1FL9DHDSED6lxNMDJUJQvB,The Model - 2009 Remaster,Kraftwerk,0dmPX6ovclgOy8WWJaFEUU,synthpop
6OBeM4d4RGzxcMphQVSgED,Love Rollercoaster,Ohio Players,6m30rs1IQqnWqV5nKMpU7U,southern soul
4mn7iv4DYJxPYbPy5R0nPE,"(Shake, Shake, Shake) Shake Your Booty",KC & The Sunshine Band,3mQBpAOMWYqAZyxtyeo4Lo,soul
5spAjqC772iC2KzDvEkmSr,A Song for You,Donny Hathaway,0HU0U9kdXEHZVxUNbuQe8S,vocal jazz
0s1aSsYlLIEiy16LjFWbdp,Dirty Work,Steely Dan,6P7H3ai06vU1sGvdpBwDmE,yacht rock
4delgtiKX7L3nsbC0exhCS,Fire on the Mountain,The Marshall Tucker Band,59QxeZBL6k9L4oJBGSyukd,southern rock
58r4JuwHhXLAkttkaUZfLw,Got to Be Real,Cheryl Lynn,6UfoTQXaV3DuqtDVjZIxwZ,urban contemporary
5qPw12iOd2txlJlAvVCRBb,You Are Everything,Diana Ross,3MdG05syQeRYPPcClLaUGl,soul
6mjlbRIgMTf2nqY0kq1rOJ,I'm Your Boogie Man,KC & The Sunshine Band,3mQBpAOMWYqAZyxtyeo4Lo,soul
1yeIxOEFmpQ3qlOb2R3g2m,The Ghetto,Donny Hathaway,0HU0U9kdXEHZVxUNbuQe8S,vocal jazz
26VrotMHCu4m9I1rbHB1GN,Shining Star,"Earth, Wind & Fire",4QQgXkCYTt3BlENzhyNETg,soul
5DQAHkO9U4IZIombHefcqK,Peg,Steely Dan,6P7H3ai06vU1sGvdpBwDmE,yacht rock
0KpMY3D2G8253VTZbDBUmA,Back Stabbers,The O'Jays,38h03gA85YYPeDPd9ER9rT,urban contemporary
4uDJdDSIARqTRf6qZhwYR6,I Just Want To Be Your Everything,Andy Gibb,4YPqbAiLzBg5DIfsgQZ8QK,soft rock
34D6mvDTAPypm92EPs8Rxa,Reminiscing - Remastered,Little River Band,6clbbhnIqpHnqxwtOWcilg,yacht rock
557cxXIeiwh03kI2F2jKdh,Red Light Spells Danger,Billy Ocean,5IDs1CK15HegSAhGEbSYXo,yacht rock
4ZaAmweDaiOpbkLPty81Zw,Make Your Own Kind Of Music - Single Version,Cass Elliot,5jX7X3kRkfJTRqAdT7RcHk,no genre
1tL5a9jowsWMtn3wkFYsG9,"Footsteps in the Dark, Pts. 1 & 2",The Isley Brothers,53QzNeFpzAaXYnrDBbDrIp,southern soul
0qOkHfSClduvkvGk6fCu8l,Now That We Found Love,The O'Jays,38h03gA85YYPeDPd9ER9rT,urban contemporary
15BQ7vEDv2LJuh8TxWIhtd,The Passenger,Iggy Pop,33EUXrFKGjpUSGacqEHhU4,rock
4nXkbcTj3nyww1cHkw5RAP,Long Train Runnin',The Doobie Brothers,39T6qqI0jDtSWWioX8eGJz,yacht rock
39q7xibBdRboeMKUbZEB6g,"Take Me Home, Country Roads",John Denver,7EK1bQADBoqbYXnT4Cqv9w,soft rock
0LoQuiekvzqx7n8flgEKzF,Get It On,T. Rex,3dBVyJ7JuOMt4GE9607Qin,rock
7iN1s7xHE4ifF5povM6A48,Let It Be - Remastered 2009,The Beatles,3WrFJ7ztbogyGnTHbHJFl2,rock
2eF8pWbiivYsYRpbntYsnc,"Signed, Sealed, Delivered (I'm Yours)",Stevie Wonder,7guDJrEfX3qb6FEbdPA5qi,soul
6QhXQOpyYvbpdbyjgAqKdY,Cecilia,Simon & Garfunkel,70cRZdQywnSFp9pnc2WTCE,rock
26mlDJoh5bQiC7efK7xq9z,Sealed with a Kiss,Bobby Vinton,6bOYtKnpLPQSfMpS2ilotK,rock-and-roll
5RdhBLmB4DyFHLglRrfx63,I'll Be There,The Jackson 5,2iE18Oxc8YSumAU232n4rW,motown
0UAJH0k4k3slcE83a9UGCe,Lola,The Kinks,1SQRv42e4PjEYfPhS0Tk9E,roots rock
6UkMcAA19lTdjs22jtB7o2,Big Yellow Taxi,Joni Mitchell,5hW4L92KnC6dX9t7tYM4Ve,traditional folk
6Xz7FeyE8HTP90HecgHV57,Wild World,Yusuf / Cat Stevens,08F3Y3SctIlsOEmKd6dnH8,soft rock
6l8EbYRtQMgKOyc1gcDHF9,Bridge Over Troubled Water,Simon & Garfunkel,70cRZdQywnSFp9pnc2WTCE,rock
4ZEEcEMGjkWOfZNBcIB9yE,War,Edwin Starr,1B8AXU6gIIafpyLEpbcv1u,southern soul
5LxvwujISqiB8vpRYv887S,I Want You Back,The Jackson 5,2iE18Oxc8YSumAU232n4rW,motown
3Bh6uInhcVBVvLraGZdkKD,Who'll Stop The Rain,Creedence Clearwater Revival,3IYUhFvPQItj6xySrBmZkd,swamp rock
2kyVQg00pphEufGT59M2XH,(They Long To Be) Close To You,Carpenters,1eEfMU2AhEo7XnKgL7c304,soft rock
0cKk8BKEi7zXbdrYdyqBP5,Behind Blue Eyes,The Who,67ea9eGLXYMsO2eYQRui3w,roots rock
3gdewACMIVMEWVbyb8O9sY,"Rocket Man (I Think It's Going To Be A Long, Long Time)",Elton John,3PhoLpVuITZKcymswpck5b,soft rock
34b3a3Pz9Jlz0092LMyNAB,What's Going On,Marvin Gaye,3koiLjNrgRTNbOwViDipeA,soul
6D8kc7RO0rqBLSo2YPflJ5,ABC,The Jackson 5,2iE18Oxc8YSumAU232n4rW,motown
0qdQUeKVyevrbKhAo0ibxS,My Sweet Lord - Remastered 2014,George Harrison,7FIoB5PHdrMZVC3q2HE5MS,soft rock
6rovOdp3HgK1DeAMYDzoA7,Maggie May,Rod Stewart,2y8Jo9CKhJvtfeKOsYzRdT,soft rock
3qiyyUfYe7CRYLucrPmulD,Baba O'Riley,The Who,67ea9eGLXYMsO2eYQRui3w,roots rock
1k1Bqnv2R0uJXQN4u6LKYt,Ain't No Sunshine,Bill Withers,1ThoqLcyIYvZn7iWbj8fsj,soul
14XWXWv5FoCbFzLksawpEe,Riders on the Storm,The Doors,22WZ7M8sxp5THdruNY3gXt,rock
38zsOOcu31XbbYj9BIPUF1,Your Song,Elton John,3PhoLpVuITZKcymswpck5b,soft rock
2LawezPeJhN4AWuSB0GtAU,Have You Ever Seen The Rain,Creedence Clearwater Revival,3IYUhFvPQItj6xySrBmZkd,swamp rock
3wM6RTAnF7IQpMFd7b9ZcL,Yesterday Once More,Carpenters,1eEfMU2AhEo7XnKgL7c304,soft rock
3BqqF8suAIzW8655yJfcvh,Morning Has Broken,Yusuf / Cat Stevens,08F3Y3SctIlsOEmKd6dnH8,soft rock
7MiLmLbwNoyf47xQ4TCVYp,Papa Was A Rollin' Stone - Single Version,The Temptations,3RwQ26hR2tJtA8F9p2n7jG,soul
5p3JunprHCxClJjOmcLV8G,Walk On the Wild Side,Lou Reed,42TFhl7WlMRXiNqzSrnzPL,singer-songwriter
2TVxnKdb3tqe1nhQWwwZCO,Tiny Dancer,Elton John,3PhoLpVuITZKcymswpck5b,soft rock
3M8FzayQWtkvOhqMn2V4T2,Lean on Me,Bill Withers,1ThoqLcyIYvZn7iWbj8fsj,soul
63xdwScd1Ai1GigAwQxE8y,Let's Stay Together,Al Green,3dkbV4qihUeMsqN4vBGg93,southern soul
1bp2IO61zbQrbWNmKKxg3f,The Joker,Steve Miller Band,6QtGlUje9TIkLrgPZrESuk,soft rock
4N0TP4Rmj6QQezWV88ARNJ,Superstition,Stevie Wonder,7guDJrEfX3qb6FEbdPA5qi,soul
55GxhCTq6SY3tFTVh7z1nR,Dancing In The Moonlight,King Harvest,5FHwr1FymaS5kutIEK6e2y,soft rock
28285KFbyCq8sJofn58qlD,Love Train,The O'Jays,38h03gA85YYPeDPd9ER9rT,urban contemporary
7MF7QAodbGzNYav5ZfIhAY,Midnight Train to Georgia,Gladys Knight & The Pips,0TF2NxkJZPQoX1H53rEFM1,southern soul
2LchpUTiXjYoOL4RgZa02N,Nutbush City Limits,Ike & Tina Turner,1ZikppG9dPedbIgMfnfx8k,southern soul
6WCeFNVAXUtNczb7lqLiZU,Crocodile Rock,Elton John,3PhoLpVuITZKcymswpck5b,soft rock
0n2pjCIMKwHSXoYfEbYMfX,You Are The Sunshine Of My Life,Stevie Wonder,7guDJrEfX3qb6FEbdPA5qi,soul
1Ehdm1PDlKrdfyBsjwEvd1,Top Of The World,Carpenters,1eEfMU2AhEo7XnKgL7c304,soft rock
4GhtDORJiSRYxj6M1bv0vX,Love Really Hurts Without You,Billy Ocean,5IDs1CK15HegSAhGEbSYXo,yacht rock
0UOxp1BpnD8uPQMKU4wKjz,I Shot The Sheriff,Eric Clapton,6PAt558ZEZl0DmdXlnjMgD,soft rock
1H4idkmruFoJBg1DvUv2tY,Band On The Run - Remastered 2010,Wings,3sFhA6G1N0gG1pszb6kk1m,soft rock
1BvJmtaXsqtH438BcDPeBb,Daniel,Elton John,3PhoLpVuITZKcymswpck5b,soft rock
7GVUmCP00eSsqc4tzj1sDD,Come and Get Your Love - Single Version,Redbone,0w7HLMvZOHatWVbAKee1zF,native american contemporary
4qsAYBCJnu2OkTKUVbbOF1,Free Bird,Lynyrd Skynyrd,4MVyzYMgTwdP7Z49wAZHx0,southern rock
3ZYO0HGRFFdAGeb8o7F9KC,"You're The First, The Last, My Everything - Single Version",Barry White,3rfgbfpPSfXY40lzRK7Syt,soul
3Dy4REq8O09IlgiwuHQ3sk,Waterloo,ABBA,0LcJLqbBmaGUft1e9Mm8HV,swedish pop
5ihS6UUlyQAfmp48eSkxuQ,Landslide,Fleetwood Mac,08GQAI4eElDnROBrJRGE0X,yacht rock
43DeSV93pJPT4lCZaWZ6b1,The Boys Are Back In Town,Thin Lizzy,6biWAmrHyiMkX49LkycGqQ,rock
4t0Pj3iBnSCZv5pDEPNmzG,"Jive Talkin' - From ""Saturday Night Fever"" Soundtrack",Bee Gees,1LZEQNv7sE11VDY3SdxQeN,soft rock
7e89621JPkKaeDSTQ3avtg,Sweet Home Alabama,Lynyrd Skynyrd,4MVyzYMgTwdP7Z49wAZHx0,southern rock
3e0FzZjTXOUtiJGSClOBrI,Fly Like An Eagle,Steve Miller Band,6QtGlUje9TIkLrgPZrESuk,soft rock
2TxCwUlqaOH3TIyJqGgR91,Mamma Mia,ABBA,0LcJLqbBmaGUft1e9Mm8HV,swedish pop
6RANU8AS5ICU5PEHh8BYtH,Isn't She Lovely,Stevie Wonder,7guDJrEfX3qb6FEbdPA5qi,soul
4fbwTO3DJ2qryMddov9RbB,Rhiannon (Will You Ever Win) - 2018 Remaster,Fleetwood Mac,08GQAI4eElDnROBrJRGE0X,yacht rock
4T5Y25pWs2pVZVcFIqFuf8,You Should Be Dancing,Bee Gees,1LZEQNv7sE11VDY3SdxQeN,soft rock
5MxNLUsfh7uzROypsoO5qe,Dream On,Aerosmith,7Ey4PD4MYsKc5I2dolUwbH,rock
1QEEqeFIZktqIpPI4jSVSF,More Than a Feeling,Boston,29kkCKKGXheHuoO829FxWK,soft rock
0GjEhVFGZW8afUYGChu3Rr,Dancing Queen,ABBA,0LcJLqbBmaGUft1e9Mm8HV,swedish pop
4pbJqGIASGPr0ZpGpnWkDn,We Will Rock You - Remastered,Queen,1dfeR4HaWDbWqFHLkxsg1d,rock
6XUHsYE38CEbYunT983O9G,Give A Little Bit,Supertramp,3JsMj0DEzyWc0VDlHuy9Bx,soft rock
3GXo1eWlT2flv4x01l5OTu,Disco Inferno,The Trammps,1zgNpeHQe8GulzfVkYP2VK,post-disco
5SZ6zX4rOrEQferfFC2MfP,Walk This Way,Aerosmith,7Ey4PD4MYsKc5I2dolUwbH,rock
7MRyJPksH3G2cXHN8UKYzP,American Girl,Tom Petty and the Heartbreakers,4tX2TplrkIP4v05BNC903e,soft rock
4BM8yJ0PzBi2ZewpMTOxtx,Fernando,ABBA,0LcJLqbBmaGUft1e9Mm8HV,swedish pop
4pNiE4LCVV74vfIBaUHm1b,Sir Duke,Stevie Wonder,7guDJrEfX3qb6FEbdPA5qi,soul
1lCRw5FEZ1gPDNPzy1K4zW,We Are The Champions - Remastered 2011,Queen,1dfeR4HaWDbWqFHLkxsg1d,rock
6kooDsorCpWVMGc994XjWN,Black Betty,Ram Jam,6FITmSxIMsk6TfulFiCIIz,southern rock
0ofHAoxe9vBkTCp2UQIavz,Dreams - 2004 Remaster,Fleetwood Mac,08GQAI4eElDnROBrJRGE0X,yacht rock
21YxK0klhpfLW8budkJaMF,Lust For Life,Iggy Pop,33EUXrFKGjpUSGacqEHhU4,rock
2udGjDmpK1dH9VGyw7nrei,Cocaine,Eric Clapton,6PAt558ZEZl0DmdXlnjMgD,soft rock
2HcyIzVsX45jLIxK7SH2aI,One Love / People Get Ready - Medley,Bob Marley & The Wailers,2QsynagSdAqZj3U9HgDzjD,roots reggae
5RgFlk1fcClZd0Y4SGYhqH,She's Always a Woman,Billy Joel,6zFYqv1mOsgBRQbae3JJ9e,soft rock
49RUdNvwSiUTC8fBh4KKoC,Nobody Does It Better,Carly Simon,4FtSnMlCVxCswABUmdhwpm,soft rock
07GvNcU1WdyZJq3XxP0kZa,Go Your Own Way - 2004 Remaster,Fleetwood Mac,08GQAI4eElDnROBrJRGE0X,yacht rock
0wtHjEAzLYYyGuk2WtpGwS,Easy,Commodores,6twIAGnYuIT1pncMAsXnEm,soul
6gXrEUzibufX9xYPk3HD5p,Life in the Fast Lane - 2013 Remaster,Eagles,0ECwFtbIWEVNwjlrfc6xoL,yacht rock
4zn0kScuV9Oj28d4g9CQQs,Jamming,Bob Marley & The Wailers,2QsynagSdAqZj3U9HgDzjD,roots reggae
3Jy0dWV5AnnfyTvHK6UWof,Bright Eyes,Art Garfunkel,6kEsKkXuE4olX7m3mNLZkS,traditional folk
2M2WJ7gBlcKNxdhyfPp9zY,Best of My Love,The Emotions,64CuUOOirKmdAYLQSfaOyr,urban contemporary
5EOoMWIB9iK4ZpcSex9Ec7,Old Time Rock & Roll,Bob Seger,485uL27bPomh29R4JmQehQ,soft rock
4a5pNRjwmzYQuEY1E7O6pj,Breakfast In America - Remastered,Supertramp,3JsMj0DEzyWc0VDlHuy9Bx,soft rock
40riOy7x9W7GXjyGp4pjAv,Hotel California - 2013 Remaster,Eagles,0ECwFtbIWEVNwjlrfc6xoL,yacht rock
1oYYd2gnWZYrt89EBXdFiO,Message In A Bottle,The Police,5NGO30tJxFlKixkPSgXcFE,soft rock
2kUzt5LsTUR0ggquP7O3eN,Whatever You Want,Status Quo,4gIdjgLlvgEOz7MexDZzpM,rock
4aVuWgvD0X63hcOCnZtNFA,Hold the Line,TOTO,0PFtn5NtBbbUNbU9EAmIWF,yacht rock
6xdLJrVj4vIXwhuG8TMopk,Crazy Little Thing Called Love - Remastered 2011,Queen,1dfeR4HaWDbWqFHLkxsg1d,rock
4ULv5NMsxr6o7WLVk0fMSp,When You're In Love With A Beautiful Woman,Dr. Hook,2Mhi3jfuRSdbVZPdjqsnnN,soft rock
3cfnGXJ9bmiWvFqEO6ff8B,After the Love Has Gone,"Earth, Wind & Fire",4QQgXkCYTt3BlENzhyNETg,soul
5BckPAYcKEJuYs1eV1BHHe,Take A Chance On Me,ABBA,0LcJLqbBmaGUft1e9Mm8HV,swedish pop
7qUTZEf6bgiApJEXpMAH5y,Can't Smile Without You,Barry Manilow,3alW3LYQS8K29z8C8NSLIX,yacht rock
6zC0mpGYwbNTpk9SKwh08f,Wonderful Tonight,Eric Clapton,6PAt558ZEZl0DmdXlnjMgD,soft rock
5T8EDUDqKcs6OSOwEsfqG7,Don't Stop Me Now - Remastered 2011,Queen,1dfeR4HaWDbWqFHLkxsg1d,rock
33ALuUDfftTs2NEszyvJRm,"Night Fever - From ""Saturday Night Fever"" Soundtrack",Bee Gees,1LZEQNv7sE11VDY3SdxQeN,soft rock
77oU2rjC5XbjQfNe3bD6so,Beast Of Burden - Remastered,The Rolling Stones,22bE4uQ6baNwSHPVcDxLCe,rock
5YSI1311X8t31PBjkBG4CZ,Wuthering Heights,Kate Bush,1aSxMhuvixZ8h9dK9jIDwL,singer-songwriter
4z7maGZkAonDlXlwo8q69f,Da Ya Think I'm Sexy?,Rod Stewart,2y8Jo9CKhJvtfeKOsYzRdT,soft rock
3c4OULLWwgRqBfA2dJtRuY,Love Is In The Air,John Paul Young,2wMcQIxzH2LYHJZNxo9FcN,classic uk pop
2AVkArcfALVk2X8sfPRzya,Summer Nights - From “Grease”,John Travolta,4hKkEHkaqCsyxNxXEsszVH,hollywood
3qI94hINNNeb4S7xQi18lS,Blame It on the Boogie,The Jacksons,2yrbLiuBmc9j81lTX3XUuI,soul
5gOd6zDC8vhlYjqbQdJVWP,Baker Street,Gerry Rafferty,7tjbDPvrdvDshcpEMXKRVb,soft rock
37Tmv4NnfQeb0ZgUC4fOJj,Sultans Of Swing,Dire Straits,0WwSkZ7LtFUFjGjMZBMt6T,soft rock
1Ryxsiacu8pUXIMCVnIQ8J,Still The Same,Bob Seger,485uL27bPomh29R4JmQehQ,soft rock
3KfFrcJoCFXU2uFiO7XwTh,"More Than A Woman - From ""Saturday Night Fever"" Soundtrack",Bee Gees,1LZEQNv7sE11VDY3SdxQeN,soft rock
6ADSaE87h8Y3lccZlBJdXH,With Or Without You - Remastered,U2,51Blml2LZPmy7TTiAg47vQ,rock
2WfaOiMkCvy7F5fcp2zZ8L,Take on Me,a-ha,2jzc5TC5TVFLXQlBNiIUzE,synthpop
7gozgbG5EBTukCFWToTRA5,I Still Haven't Found What I'm Looking For - Remastered 2007,U2,51Blml2LZPmy7TTiAg47vQ,rock
4kOfxxnW1ukZdsNbCKY9br,What's Love Got to Do with It,Tina Turner,1zuJe6b1roixEKMOtyrEak,soft rock
5iwyLsQ5yjnCaRrJGyAPZM,Endless Love,Lionel Richie,3gMaNLQm7D9MornNILzdSl,soft rock
4qO03RMQm88DdpTJcxlglY,Call Me,Blondie,4tpUmLEVLCGFr93o8hFFIB,rock
7ohR0qPH6f2Vuj2pUNanJG,Got To Give It Up - Pt. 1,Marvin Gaye,3koiLjNrgRTNbOwViDipeA,soul
7oOOI85fVQvVnK5ynNMdW7,Rock with You - Single Version,Michael Jackson,3fMbdgg4jU18AjLCKBhRSm,soul
2tUBqZG2AbRi7Q0BIrVrEj,I Wanna Dance with Somebody (Who Loves Me),Whitney Houston,6XpaIBNiVzIetEPCWDvAFP,urban contemporary
5veJDT0MLsLbhYsx42GXUD,Don't Stand So Close To Me,The Police,5NGO30tJxFlKixkPSgXcFE,soft rock
5ChkMS8OtdzJeqyybCc9R5,Billie Jean,Michael Jackson,3fMbdgg4jU18AjLCKBhRSm,soul
4w3tQBXhn5345eUXDGBWZG,9 to 5,Dolly Parton,32vWCbZh0xZ4o9gkz4PsEU,country dawn
57Y3UccJEJqT8w8RWkUAz0,Upside Down,Diana Ross,3MdG05syQeRYPPcClLaUGl,soul
5O4erNlJ74PIF6kGol1ZrC,Could You Be Loved,Bob Marley & The Wailers,2QsynagSdAqZj3U9HgDzjD,roots reggae
3K7Q9PHUWPTaknlbFPThn2,Celebration,Kool & The Gang,3VNITwohbvU5Wuy5PC6dsI,soul
0qi4b1l0eT3jpzeNHeFXDT,Just Can't Get Enough,Depeche Mode,762310PdDnwsDxAQxzQkfX,synthpop
0J2p4KYdr6Mg4ET6JPlbe1,Super Trouper,ABBA,0LcJLqbBmaGUft1e9Mm8HV,swedish pop
3nFJbZCHP4d9vduKjJLdBL,Never Too Much,Luther Vandross,19y5MFBH7gohEdGwKM7QsP,urban contemporary
7HKez549fwJQDzx3zLjHKC,Start Me Up - Remastered,The Rolling Stones,22bE4uQ6baNwSHPVcDxLCe,rock
0odIT9B9BvOCnXfS0e4lB5,Bette Davis Eyes,Kim Carnes,5PN2aHIvLEM98XIorsPMhE,soft rock
44aTAUBF0g6sMkMNE8I5kd,Every Little Thing She Does Is Magic,The Police,5NGO30tJxFlKixkPSgXcFE,soft rock
1YGZyfvdgZxzipWoWYVKxi,Kids In America,Kim Wilde,73a6pNH4YtLNgDbPQwXveo,soft rock
3oEkrIfXfSh9zGnE7eBzSV,The Winner Takes It All,ABBA,0LcJLqbBmaGUft1e9Mm8HV,swedish pop
5JOVSWohrjXW0BFTboh8XO,Don't Go,Yazoo,1G1mX30GpUJqOr1QU2eBSs,synthpop
4o6BgsqLIBViaGVbx5rbRk,You Make My Dreams (Come True),Daryl Hall & John Oates,77tT1kLj6mCWtFNqiOmP9H,yacht rock
3L7RtEcu1Hw3OXrpnthngx,Don't You Want Me,The Human League,1aX2dmV8XoHYCOQRxjPESG,synthpop
0yJvWbn8xQKiDZ84VN5lQG,"De Do Do Do, De Da Da Da",The Police,5NGO30tJxFlKixkPSgXcFE,soft rock
37BTh5g05cxBIRYMbw8g2T,Rosanna,TOTO,0PFtn5NtBbbUNbU9EAmIWF,yacht rock
7iFwfXNYy0goAL54aupC7Q,It's Raining Men,The Weather Girls,19xz1vcuKNjniGEftTOSSH,hi-nrg
15Mh8m2BGTUptR8yy7fNAS,Only You,Yazoo,1G1mX30GpUJqOr1QU2eBSs,synthpop
7j74lucZ59vqN67Ipe2ZcY,Maneater,Daryl Hall & John Oates,77tT1kLj6mCWtFNqiOmP9H,yacht rock
3ZZq9396zv8pcn5GYVhxUi,Down Under,Men At Work,0f3EsoviYnRKTkmayI3cux,soft rock
0fnTADkpDxvjA3v0Ss5bpb,Abracadabra,Steve Miller Band,6QtGlUje9TIkLrgPZrESuk,soft rock
2374M0fQpWi3dLnB54qaLX,Africa,TOTO,0PFtn5NtBbbUNbU9EAmIWF,yacht rock
3VZmChrnVW8JK6ano4gSED,Sexual Healing,Marvin Gaye,3koiLjNrgRTNbOwViDipeA,soul
43btz2xjMKpcmjkuRsvxyg,Jack & Diane,John Mellencamp,3lPQ2Fk5JOwGWAF3ORFCqH,soft rock
4yKZACkuudvfd600H2dQie,Get Down On It,Kool & The Gang,3VNITwohbvU5Wuy5PC6dsI,soul
3yDhZq8f17SmumVmEyCaRN,Give It Up,KC & The Sunshine Band,3mQBpAOMWYqAZyxtyeo4Lo,soul
1I6q6nwNjNgik1Qe8Oi0Y7,Do You Really Want To Hurt Me,Culture Club,6kz53iCdBSqhQCZ21CoLcc,synthpop
19Ym5Sg0YyOCa6ao21bdoG,Gypsy,Fleetwood Mac,08GQAI4eElDnROBrJRGE0X,yacht rock
6nWcEzyxDozQcmxMoNJtYx,Come On Eileen,Dexys Midnight Runners,4QTVePrFu1xuGM9K0kNXkk,new wave pop
67eX1ovaHyVPUinMHeUtIM,Hurts So Good,John Mellencamp,3lPQ2Fk5JOwGWAF3ORFCqH,soft rock
39shmbIHICJ2Wxnk1fPSdz,Should I Stay or Should I Go - Remastered,The Clash,3RGLhK1IP9jnYFH4BRFJBS,rock
58DXqHKK7TfxUmhCq2ux4E,Hard to Say I'm Sorry,Chicago,3iDD7bnsjL9J4fO298r0L0,yacht rock
1hu2s7qkm5bo03eODpRQO3,Wanna Be Startin' Somethin',Michael Jackson,3fMbdgg4jU18AjLCKBhRSm,soul
3Cx4yrFaX8CeHwBMReOWXI,We Didn't Start the Fire,Billy Joel,6zFYqv1mOsgBRQbae3JJ9e,soft rock
4YwbSZaYeYja8Umyt222Qf,You Can't Hurry Love - 2016 Remaster,Phil Collins,4lxfqrEsLX6N1N4OCSkILp,soft rock
10kYRZ5byZgBEcmmQizlzj,Electric Avennue,Eddy Grant,6j2HWcd7z61iTLbi8eD0hA,uk reggae
5jzma6gCzYtKB1DbEwFZKH,London Calling - Remastered,The Clash,3RGLhK1IP9jnYFH4BRFJBS,rock
6tASfEUyB7lE2r6DLzURji,Club Tropicana,Wham!,5lpH0xAS4fVfLkACg9DAuM,new wave pop
4WpmwEdc4RBos8W8icSSxW,Moonlight Shadow,Mike Oldfield,562Od3CffWedyz2BbeYWVn,symphonic rock
0Z9UkcT1pnrmLciUJPcMMS,Gold - 2003 Remaster,Spandau Ballet,2urZrEdsq72kx0UzfYN8Yv,synthpop
3ix6K4wZY29bCujrSznwFZ,Let's Dance - 2018 Remaster,David Bowie,0oSGxfWSnnOXhD2fKuz2Gy,rock
3cbV252akVZInSvJk7jAYX,Flashdance...What a Feeling - Radio Edit,Irene Cara,3oZa8Xs6IjlIUGLAhVyK4G,soft rock
56KqaFSGTb7ifpt16t5Y1N,Rock the Casbah - Remastered,The Clash,3RGLhK1IP9jnYFH4BRFJBS,rock
1TfqLAPs4K3s2rJMoCokcS,Sweet Dreams (Are Made of This) - Remastered,Eurythmics,0NKDgy9j66h3DLnN8qu1bB,synthpop
1mCsF9Tw4AkIZOjvZbZZdT,Break My Stride,Matthew Wilder,3bmFPbLMiLxtR9tFrTcKcP,new wave pop
0CsM8VGDi38kusMv3pxyj1,True - Single Edit,Spandau Ballet,2urZrEdsq72kx0UzfYN8Yv,synthpop
5zA8vzDGqPl2AzZkEYQGKh,Uptown Girl,Billy Joel,6zFYqv1mOsgBRQbae3JJ9e,soft rock
23l1kVpqMVREiwU1YAlcr4,I Guess That's Why They Call It The Blues,Elton John,3PhoLpVuITZKcymswpck5b,soft rock
4NH4xiPQ7TqNGqj6pZV4ki,Karma Chameleon,Culture Club,6kz53iCdBSqhQCZ21CoLcc,synthpop
62LJFaYihsdVrrkgUOJC05,Kiss,Prince,5a2EaR3hamoenG9rDuVn8j,synth funk
2fICdpdRotwfmGYzvs8Ngf,Rock You Like a Hurricane - 2015 - Remaster,Scorpions,27T030eWyCQRmDyuvr1kxY,rock
1Hv1VTm8zeOeybub15mA2R,Smooth Operator - Single Version,Sade,47zz7sob9NUcODy0BTDvKx,sophisti-pop
6RNDeRnWsRMjPdNVgupZCs,I Just Called To Say I Love You,Stevie Wonder,7guDJrEfX3qb6FEbdPA5qi,soul
6HMvJcdw6qLsyV1b5x29sa,Hello,Lionel Richie,3gMaNLQm7D9MornNILzdSl,soft rock
1ot6jEe4w4hYnsOPjd3xKQ,I'm So Excited,The Pointer Sisters,2kreKea2n96dXjcyAU9j5N,soft rock
5jSz894ljfWE0IcHBSM39i,Raspberry Beret,Prince,5a2EaR3hamoenG9rDuVn8j,synth funk
63CHa6rmamv9OsehkRD8oz,Against All Odds (Take a Look at Me Now) - 2016 Remaster,Phil Collins,4lxfqrEsLX6N1N4OCSkILp,soft rock
1db0gbTSKdRQum8VlbNkiO,Say Say Say - Remastered 2015,Paul McCartney,4STHEaNw4mPZ2tzheohgXB,soft rock
1ZPlNanZsJSPK5h9YZZFbZ,Like a Virgin,Madonna,6tbjWDEIzxoDsBA1FuhfPW,pop
6sn3FHCq2csvNkq2h9Au8V,The Riddle,Nik Kershaw,7kCL98rPFsNKjAHDmWrMac,synthpop
1kIu9zpYtWjgrLlsactlna,Jump (Original Mix),The Pointer Sisters,2kreKea2n96dXjcyAU9j5N,soft rock
51H2y6YrNNXcy3dfc3qSbA,When Doves Cry,Prince,5a2EaR3hamoenG9rDuVn8j,synth funk
3FdHgoJbH3DXNtGLh56pFu,Conga!,Miami Sound Machine,18xgcedCGxFbqLbIQn5R8F,new wave pop
6HPLeKiNm92RbykX2BDTUB,Stuck On You,Lionel Richie,3gMaNLQm7D9MornNILzdSl,soft rock
2vz1CsL5WBsbpBcwgboTAw,"Footloose - From ""Footloose"" Soundtrack",Kenny Loggins,3Y3xIwWyq5wnNHPp5gPjOW,yacht rock
6JNJERZGJwDVgkmbohBw7u,Self Control,Laura Branigan,4463nfFMmK1cwAWBQDwT5e,synthpop
2K22nUTdyr48JDwI5t906t,Relax,Frankie Goes To Hollywood,1mZu3rO7qSD09GdDpePHhY,synthpop
2ZTIw0fZhFp3nnvF41nvVc,Rebel Yell - Remastered,Billy Idol,7lzordPuZEXxwt9aoVZYmG,soft rock
2gQaQUhDCNGfBVXTvxAmXQ,Shout,Tears For Fears,4bthk9UfsYUYdcFyqxmSUU,synthpop
36lkJSDyMEZoWTqtRj8Q8q,You're the Inspiration - 2006 Remaster,Chicago,3iDD7bnsjL9J4fO298r0L0,yacht rock
2RWFncSWZEhSRRifqiDNVV,Run To You,Bryan Adams,3Z02hBLubJxuFJfhacLSDc,soft rock
07itbZUgkAmBi4CEH5NniJ,I Got You Babe,UB40,69MEO1AADKg1IZrq2XLzo5,uk reggae
1GbyYL0B0Mjn3kSbrEwKKI,The Power Of Love,Frankie Goes To Hollywood,1mZu3rO7qSD09GdDpePHhY,synthpop
3HCah9Waf9Jby9gLIWN4MI,Eyes Without A Face - Remastered,Billy Idol,7lzordPuZEXxwt9aoVZYmG,soft rock
4S1VYqwfkLit9mKVY3MXoo,Forever Young,Alphaville,0xliTEbFfy5HQHvsTknTkX,synthpop
3Z2tPWiNiIpg8UMMoowHIk,We Are The World,U.S.A. For Africa,7sF6m3PpW6G6m6J2gzzmzM,musical advocacy
5tdKaKLnC4SgtDZ6RlWeal,How Will I Know,Whitney Houston,6XpaIBNiVzIetEPCWDvAFP,urban contemporary
4RvWPyQ5RL0ao9LPZeSouE,Everybody Wants To Rule The World,Tears For Fears,4bthk9UfsYUYdcFyqxmSUU,synthpop
0Dm43YLUlGdePpSbI1ct8h,Part-Time Lover,Stevie Wonder,7guDJrEfX3qb6FEbdPA5qi,soul
18AXbzPzBS8Y3AkgSxzJPb,In The Air Tonight - 2015 Remastered,Phil Collins,4lxfqrEsLX6N1N4OCSkILp,soft rock
3KTxIOIZIE7UM6vwCX4Ofv,Somebody,Bryan Adams,3Z02hBLubJxuFJfhacLSDc,soft rock
7hkOgKKybgawYUcrkZD3wV,Live Is Life,Opus,5pf1217gT8zcjOFc7oMi47,austropop
2olVm1lHicpveMAo4AUDRB,The Power Of Love,Huey Lewis & The News,7A9yZMTrFZcgEWAX2kBfK6,soft rock
1xgqGXZW1udHCjuwjeRDVO,One Night In Bangkok - From “Chess” / Remastered 2016,Murray Head,479Yp6DvyXoIaCssAxB4QR,new wave pop
2OY17ER3xSmNXjGsqWzgn7,Cherish,Kool & The Gang,3VNITwohbvU5Wuy5PC6dsI,soul
1NCuYqMc8hKMb4cpNTcJbD,Another Day in Paradise - 2016 Remaster,Phil Collins,4lxfqrEsLX6N1N4OCSkILp,soft rock
1JLn8RhQzHz3qDqsChcmBl,I Want to Know What Love Is - 1999 Remaster,Foreigner,6IRouO5mvvfcyxtPDKMYFN,soft rock
3G0ENKW9vzV0SuYKaWFflI,Nikita,Elton John,3PhoLpVuITZKcymswpck5b,soft rock
31DvHUCSioX0JD7B4kZMJ9,Money For Nothing,Dire Straits,0WwSkZ7LtFUFjGjMZBMt6T,soft rock
0GONea6G2XdnHWjNZd6zt3,Summer Of '69,Bryan Adams,3Z02hBLubJxuFJfhacLSDc,soft rock
1c9dnQbOzw01ID7X2IsYOE,Slave To Love,Bryan Ferry,5RNFFojXkPRmlJZIwXeKQC,sophisti-pop
6fkvIT9KFKxO8poBeKfaEf,One More Night - 2016 Remaster,Phil Collins,4lxfqrEsLX6N1N4OCSkILp,soft rock
7FwBtcecmlpc1sLySPXeGE,Dancing In the Dark,Bruce Springsteen,3eqjTLE0HfPfh78zjh6TqT,singer-songwriter
1CtAzw53AIXKjAemxy4b1j,Beds Are Burning - Remastered,Midnight Oil,72KyoXzp0NOQij6OcmZUxk,rock
5lWFrW5T3JtxVCLDb7etPu,Bad - 2012 Remaster,Michael Jackson,3fMbdgg4jU18AjLCKBhRSm,soul
5xGsNXXTu545MWoeuFfjxT,It's Only Love,Bryan Adams,3Z02hBLubJxuFJfhacLSDc,soft rock
4XX1pFUkQOZTYp6Hb6a6Ae,Venus,Bananarama,3sc7iUG1Wwpwx7bHeZolgx,soft rock
17Ng10tIgnYmAitl0SgT3R,Higher Love - Single Version,Steve Winwood,5gxynDEKwNDgxGJmJjZyte,symphonic rock
3PzsbWSQdLCKDLxn7YZfkM,I'm On Fire,Bruce Springsteen,3eqjTLE0HfPfh78zjh6TqT,singer-songwriter
17CPezzLWzvGfpZW6X8XT0,"Say You, Say Me",Lionel Richie,3gMaNLQm7D9MornNILzdSl,soft rock
6Wiamk8BAAP50gAAJopsy2,Don't Get Me Wrong - 2007 Remaster,Pretenders,0GByy3DcfbQwDvXGCWmzv9,soft rock
5RYLa5P4qweEAKq5U1gdcK,A Kind Of Magic - Remastered 2011,Queen,1dfeR4HaWDbWqFHLkxsg1d,rock
2EGaDf0cPX789H3LNeB03D,Cruel Summer,Bananarama,3sc7iUG1Wwpwx7bHeZolgx,soft rock
029NqmIySn1kOY305AAhxT,Sledgehammer,Peter Gabriel,7C4sUpWGlTy7IANjruj02I,symphonic rock
0dOg1ySSI7NkpAe89Zo0b9,Born in the U.S.A.,Bruce Springsteen,3eqjTLE0HfPfh78zjh6TqT,singer-songwriter
0snPJPxkk0MbTc0xeUvAPt,Dancing On The Ceiling,Lionel Richie,3gMaNLQm7D9MornNILzdSl,soft rock
480dDrqG7LO6qDaphHeXlM,Invisible Touch - Remastered 2007,Genesis,3CkvROUTQ6nRi9yQOcsB50,symphonic rock
4ByEFOBuLXpCqvO1kw8Wdm,(I Just) Died In Your Arms,Cutting Crew,3cniTumSiUysiPWXapGx1i,synthpop
3MrRksHupTVEQ7YbA0FsZK,The Final Countdown,Europe,7Js6Lde8thlIHXggv2SCBz,swedish melodic rock
3BGbqEDio3ocx1v4egIYr6,Walk Like an Egyptian,The Bangles,51l0uqRxGaczYr4271pVIC,soft rock
2Y90nL1ohB4sgYELDs7uNx,Glory Days,Bruce Springsteen,3eqjTLE0HfPfh78zjh6TqT,singer-songwriter
4CoSCPlKNrWli7E5kFtbcl,Little Lies - 2017 Remaster,Fleetwood Mac,08GQAI4eElDnROBrJRGE0X,yacht rock
2oiMNaVCul7qmMzpRStjCg,Land Of Confusion - Remastered 2007,Genesis,3CkvROUTQ6nRi9yQOcsB50,symphonic rock
6wpGqhRvJGNNXwWlPmkMyO,I Still Haven't Found What I'm Looking For,U2,51Blml2LZPmy7TTiAg47vQ,rock
56GbZVwxMdf1DENCluYS8A,Don't Dream It's Over,Crowded House,7ohlPA8dRBtCf92zaZCaaB,rock
6gQUbFwwdYXlKdmqRoWKJe,Dude (Looks Like A Lady),Aerosmith,7Ey4PD4MYsKc5I2dolUwbH,rock
2M9ro2krNb7nr7HSprkEgo,Fast Car,Tracy Chapman,7oPgCQqMMXEXrNau5vxYZP,women's music
0PdM2a6oIjqepoEfcJo0RO,Pour Some Sugar On Me - Remastered 2017,Def Leppard,6H1RjVyNruCmrBEWRbD0VZ,rock
4KFM3A5QF2IMcc6nHsu3Wp,Englishman In New York,Sting,0Ty63ceoRnnJKVEYP0VQpk,sophisti-pop
65E62rOSbm7SZbAMYjNTJq,Pride (In The Name Of Love) - Remastered 2009,U2,51Blml2LZPmy7TTiAg47vQ,rock
1GjbTNFImFrjFsNdleDe78,Never Tear Us Apart,INXS,1eClJfHLoDI4rZe5HxzBFv,soft rock
1kiNatIrwDusOZfR29W0LJ,Man in the Mirror - 2012 Remaster,Michael Jackson,3fMbdgg4jU18AjLCKBhRSm,soul
2DjWsDGgL1xNbhnr7f6t5F,Baby Can I Hold You,Tracy Chapman,7oPgCQqMMXEXrNau5vxYZP,women's music
07ABETRdek3ACMpRPvQuaT,Always on My Mind,Pet Shop Boys,2ycnb8Er79LoH2AsR5ldjh,synthpop
2VpdG2QLhVv6qAPdDt9Ipr,Lambada - Original Radio Edit,Kaoma,1LsXqDdYVyONhrjAORENbu,zouk
6C4LXC9UFH1IKiHYOp0BiJ,Sunday Bloody Sunday - Remastered 2008,U2,51Blml2LZPmy7TTiAg47vQ,rock
3h04eZTnmFLRMjZajbrp2R,Need You Tonight,INXS,1eClJfHLoDI4rZe5HxzBFv,soft rock
7o2CTH4ctstm8TNelqjb51,Sweet Child O' Mine,Guns N' Roses,3qm84nBOXUEQ2vnTfUTTFC,rock
0nd1Vs5BIoIU4TJlzR8KVB,Faith - Remastered,George Michael,19ra5tSw0tWufvUp8GotLo,soft rock
2OZyDYkNED6mIDi8RXLnWy,Kokomo,The Beach Boys,3oDbviiivRWhXwIE8hxkVV,sunshine pop
6pPWRBubXOBAHnjl5ZIujB,The Best,Tina Turner,1zuJe6b1roixEKMOtyrEak,soft rock
4qgZs0RNjdzKAS22lP0QjY,Where The Streets Have No Name - Remastered,U2,51Blml2LZPmy7TTiAg47vQ,rock
5jmwL2MniQj9ldptIm1h1B,Woman In Chains,Tears For Fears,4bthk9UfsYUYdcFyqxmSUU,synthpop
4LFwNJWoj74Yd71fIr1W8x,Right Here Waiting,Richard Marx,0grdhNhiRLFBaFVyybqsj6,soft rock
6mYrhCAGWzTdF8QnKuchXM,If I Could Turn Back Time,Cher,72OaDtakiy6yFqkt4TsiFt,pop
0oerlffJSzhRVvtDfLcp3N,Wanted Dead Or Alive,Bon Jovi,58lV9VcRSjABbAbfWS6skp,rock
3YBZIN3rekqsKxbJc9FZko,Paradise City,Guns N' Roses,3qm84nBOXUEQ2vnTfUTTFC,rock
7Lk83uozmGWre1q8eyOOUP,Just the Two of Us (feat. Bill Withers),"Grover Washington, Jr.",05YVYeV4HxYp5rrWalvuE1,jazz funk
6e40mgJiCid5HRAGrbpGA6,I Want It That Way,Backstreet Boys,5rSXSAkZ67PYJSvpUpkOr7,europop
3APayTEWiUl9Ssep4BOXR2,Torn,Natalie Imbruglia,0dlOr0VIysztGWvU1dpjmP,pop rock
7E81YAfHOaSlnevLjKMghT,Justified & Ancient,The KLF,6dYrdRlNZSKaVxYg5IrvCH,ambient house
6kvoHl80mfCVTv7XnZkjQn,"It Must Have Been Love - From the Film ""Pretty Woman""",Roxette,2SHhfs4BiDxGQ3oxqf0UHY,swedish pop
2CT3r93YuSHtm57mjxvjhH,Wonderwall,Oasis,2DaxqgrOhkeH0fpeiQq2f4,rock
6PypGyiu0Y2lCDBN1XZEnP,Everybody Hurts,R.E.M.,4KWTAlx2RvbpseOGMEmROg,rock
57bgtoPSgt236HzfBOd8kj,Thunderstruck,AC/DC,711MCceyCBcFnzjGY4Q7Un,rock
3nvuPQTw2zuFAVuLsC9IYQ,Nothing Compares 2 U,Sinéad O'Connor,4sD9znwiVFx9cgRPZ42aQ1,pop rock
11d9oUiwHuYt216EFA2tiz,Ice Ice Baby,Vanilla Ice,7GXXMm3DB1VswVcuGyInUd,miami hip hop
3GpdNg7Krt9vjc6tgDoKe1,Breakfast At Tiffany's,Deep Blue Something,5N5RfI8FFXk4WQ8kkjE407,pop rock
4VZDv8sASBS8UruUBGTFdk,Hold On,Wilson Phillips,1yMYjh77WgOVafRkI50mim,soft rock
0ldLTYuqnHU92weLtw6W9m,3AM Eternal - Live at the S.S.L.,The KLF,6dYrdRlNZSKaVxYg5IrvCH,ambient house
1B75hgRqe7A4fwee3g3Wmu,U Can't Touch This,MC Hammer,2rblp9fJo16ZPTcKDtlmKW,rap
1YnVYHXoak0syv4xBRHQRb,Kingston Town,UB40,69MEO1AADKg1IZrq2XLzo5,uk reggae
1umFfZGw8bsBd1a0fLTQI3,"Show Me Heaven - From ""Days Of Thunder""",Maria McKee,30GIF9g2UJ1ifn45kSMTFf,no genre
3ovjw5HZZv43SxTwApooCM,Wind Of Change,Scorpions,27T030eWyCQRmDyuvr1kxY,rock
1v2zyAJrChw5JnfafSkwkJ,Shiny Happy People,R.E.M.,4KWTAlx2RvbpseOGMEmROg,rock
3EJDX96b1RHCREPEZyBdhd,Last Train To Trancentral - Live From The Lost Continent,The KLF,6dYrdRlNZSKaVxYg5IrvCH,ambient house
1f3yAtsJtY87CTmM8RLnxf,Smells Like Teen Spirit,Nirvana,6olE6TJLqED3rqDCT0FyPh,rock
0nLiqZ6A27jJri2VCalIUs,Nothing Else Matters,Metallica,2ye2Wgw4gimLv2eAKyk1NB,thrash metal
1nSUJWYRqsafI8Bh1X0ypp,People Everyday,Arrested Development,5Va9LuEmaZxnbk1gMnjMD7,rap
67Hna13dNDkZvBpTXRIaOJ,Teardrop,Massive Attack,6FXMGgJwohJLUSr5nVlf9X,trip hop
31AOj9sFz2gM0O3hMARRBx,Losing My Religion,R.E.M.,4KWTAlx2RvbpseOGMEmROg,rock
2JCgLOGh0qCInX82AALLKP,What Time Is Love? - Live at Trancentral,The KLF,6dYrdRlNZSKaVxYg5IrvCH,ambient house
0MKGH8UMfCnq5w7nG06oM5,Come As You Are,Nirvana,6olE6TJLqED3rqDCT0FyPh,rock
5sICkBXVmaCQk5aISGR3x1,Enter Sandman,Metallica,2ye2Wgw4gimLv2eAKyk1NB,thrash metal
4JiEyzf0Md7KEFFGWDDdCr,Knockin' On Heaven's Door,Guns N' Roses,3qm84nBOXUEQ2vnTfUTTFC,rock
4eHbdreAnSOrDDsFfc4Fpm,I Will Always Love You,Whitney Houston,6XpaIBNiVzIetEPCWDvAFP,urban contemporary
1IWzfq3sLedGQ3fb2hAMBA,Rhythm Is A Dancer,SNAP!,2FrKQPjJe4pVMZOgm0ESOx,hip house
3G69vJMWsX6ZohTykad2AU,One,U2,51Blml2LZPmy7TTiAg47vQ,rock
1SssFw74DdHVjRa6ADggdD,Sweat (A La La La La Long),Inner Circle,5os0Ltvz8Q8BvXOPOd1frx,roots reggae
3d9DChrdc6BOeFsbrZ3Is0,Under the Bridge,Red Hot Chili Peppers,0L8ExT028jH3ddEcZwqJJ5,rock
7safX55XidhznxK5eDdDm5,I Can't Dance - Remastered 2007,Genesis,3CkvROUTQ6nRi9yQOcsB50,symphonic rock
5zDVyVBJoE0NVUmYcyvTny,Do I Have To Say The Words?,Bryan Adams,3Z02hBLubJxuFJfhacLSDc,soft rock
6HdM7gzXVgcpepv276raog,It's My Life,Dr. Alban,6BkcAbUkfIBM4XudxieMq8,hip house
503OTo2dSqe7qk76rgsbep,Still D.R.E.,Dr. Dre,6DPYiyq5kWVQS4RGwxzPC7,west coast rap
3l3xTXsUXeWlkPqzMs7mPD,End Of The Road,Boyz II Men,6O74knDqdv3XaWtkII7Xjp,urban contemporary
6JaKSbteuZKkT6o4GrN1G4,"Boom, Boom, Boom, Boom!!",Vengaboys,0cwmNvclzPd8mQnoHuIksj,pop dance
5GorFaKkP2mLREQvhSblIg,All My Life,K-Ci & JoJo,05RZIdfz59ZW2FvFuwnmNK,urban contemporary
5EYdTPdJD74r9EVZBztqGG,The Bad Touch,Bloodhound Gang,6nDLku5uL3ou60kvCGZorh,rap rock
3ZpQiJ78LKINrW9SQTgbXd,All I Wanna Do,Sheryl Crow,4TKTii6gnOnUXQHyuo9JaD,rock
6SaeXxdt0Id6ZzmX0ZGTQK,"Fastlove, Pt. 1",George Michael,19ra5tSw0tWufvUp8GotLo,soft rock
4wtR6HB3XekEengMX17cpc,Children,Robert Miles,2YVF0Ou5zIc4mpgtLIlGN0,trance
1IsvXZXAV9EBC4hBKW6yDN,Missing - Todd Terry Remix / Radio Edit,Everything But The Girl,13ccXrK7AmXb4TddMkE7jy,trip hop
3jDdpx9PMlfMBS5tOBHFm9,Return of the Mack,Mark Morrison,6V3F8MZrOKdT9fU686ybE9,new jack swing
7dfl9X38RhIvB3oSmmneq3,I'll Make Love To You,Boyz II Men,6O74knDqdv3XaWtkII7Xjp,urban contemporary
7obdw7ZGr6l1GqSBkFiY11,Macarena - Bayside Boys Remix,Los Del Rio,2JXn03fudjyRkQ1Ye9f5rk,no genre
39aRmixB9qNtCU2t8BmsC1,One Of Us - Short Version,Joan Osborne,0djV4iaxhNfYWpH60ia85o,singer-songwriter
1Eb90nmqTrxylKFhcUzW8P,(Everything I Do) I Do It For You,Bryan Adams,3Z02hBLubJxuFJfhacLSDc,soft rock
31v2AQlx4pDI7kmnLxBkem,Mmm Mmm Mmm Mmm,Crash Test Dummies,1YEGETLT2p8k97LIo3deHL,pop rock
3NvS0SxNWIPiAJoPWUpZzr,"What Is Love - 7"" Mix",Haddaway,0Suv0tRrNrUlRzAy8aXjma,hip house
7ojJ4XvqBhBcteM0zjMebT,(I Can't Help) Falling In Love With You,UB40,69MEO1AADKg1IZrq2XLzo5,uk reggae
4UrgDocbHywDZv2f3mBhCq,I'd Do Anything For Love (But I Won't Do That),Meat Loaf,7dnB1wSxbYa8CejeVg98hz,soft rock
3YRCqOhFifThpSRFJ1VWFM,November Rain,Guns N' Roses,3qm84nBOXUEQ2vnTfUTTFC,rock
6RQtvdmW0fnWv1VOKpgYcq,Sing Hallelujah!,Dr. Alban,6BkcAbUkfIBM4XudxieMq8,hip house
0wokCRaKD0zPNhMRXAgVsr,Ordinary World,Duran Duran,0lZoBs4Pzo7R89JM9lxwoT,synthpop
1kMOJBmpfWD9fir6st9uqS,Without You,Mariah Carey,4iHNK0tOyZPYnBU7nGAgpQ,urban contemporary
6kWJvPfC4DgUpRsXKNa9z9,All That She Wants,Ace of Base,5ksRONqssB7BR161NTtJAm,pop rock
5DiXcVovI0FcY2s0icWWUu,Mr. Jones,Counting Crows,0vEsuISMWAKNctLlUAhSZC,rock
2MAVcVr2oylw2OZ3hojWYj,'74-'75,The Connells,3zAhmxuw1F3HmulPuy1RAb,power pop
1zng9uqqXoPkmU05nsAlsw,Bed Of Roses,Bon Jovi,58lV9VcRSjABbAbfWS6skp,rock
4n8iSiSWRdaSeSpJMbdk9O,Jessie,Joshua Kadison,2VrP5BkyzDhY43dWMlaYjD,no genre
4f6jZRNyjZQ8ltv1txgZUG,Can You Feel the Love Tonight,Elton John,3PhoLpVuITZKcymswpck5b,soft rock
0hrBpAOgrt8RXigk83LLNE,The Sign,Ace of Base,5ksRONqssB7BR161NTtJAm,pop rock
6WgBIPHwkQhCqMNnR5hQCN,Streets of Philadelphia,Bruce Springsteen,3eqjTLE0HfPfh78zjh6TqT,singer-songwriter
1KGi9sZVMeszgZOWivFpxs,No Scrubs,TLC,0TImkz4nPqjegtVSMZnMRq,urban contemporary
3AoeaZs8dFemFJr3JdzOL0,You Are Not Alone,Michael Jackson,3fMbdgg4jU18AjLCKBhRSm,soul
3vZO25GdYuqFrR1kzZADnp,Ready or Not,Fugees,2WKdxPFRD7IqZvlIAvhMgY,rap
5vKkaZHPzuqQheytfKuXzp,"Circle of Life - From ""The Lion King""/Soundtrack Version",Elton John,3PhoLpVuITZKcymswpck5b,soft rock
7ySbfLwdCwl1EM0zNCJZ38,One Sweet Day,Mariah Carey,4iHNK0tOyZPYnBU7nGAgpQ,urban contemporary
7p9dd71JR2ucoAuO1Sy0VZ,When You're Gone,Bryan Adams,3Z02hBLubJxuFJfhacLSDc,soft rock
6qspW4YKycviDFjHBOaqUY,Waterfalls,TLC,0TImkz4nPqjegtVSMZnMRq,urban contemporary
0Uqs7ilt5kGX9NzFDWTBrP,Quit Playing Games (With My Heart),Backstreet Boys,5rSXSAkZ67PYJSvpUpkOr7,europop
0Q0IVlqMV64kNLlwjPj0Hl,Killing Me Softly With His Song,Fugees,2WKdxPFRD7IqZvlIAvhMgY,rap
3jS7bB0oXVOwGFZn3aE5NV,You Oughta Know - 2015 Remaster,Alanis Morissette,6ogn9necmbUdCppmNnGOdi,singer-songwriter
0nnwn7LWHCAu09jfuH1xTA,Slide,The Goo Goo Dolls,2sil8z5kiy4r76CRTXxBCA,post-grunge
32Gf5A7Hr8RdgggXG0Fdks,Have You Ever Really Loved A Woman?,Bryan Adams,3Z02hBLubJxuFJfhacLSDc,soft rock
1aWV3uY3SIEZVbmv45oFWS,Creep,TLC,0TImkz4nPqjegtVSMZnMRq,urban contemporary
6ORqU0bHbVCRjXm9AjyHyZ,Good Riddance (Time of Your Life),Green Day,7oPftvlwr6VrsViSDV7fJY,punk
5bUVHuzQh5mkvMPjUU074i,"No Woman, No Cry",Fugees,2WKdxPFRD7IqZvlIAvhMgY,rap
0lnxrQAd9ZxbhBBe7d8FO8,MMMBop,Hanson,0SdiiPkr02EUdekHZJkt58,pop rock
013AWvizllIUEC2FOBzOnh,Truly Madly Deeply,Savage Garden,3NRFinRTEqUCfaTTZmk8ek,pop rock
1yTQ39my3MoNROlFw3RDNy,Say You'll Be There,Spice Girls,0uq5PttqEjj3IH1bzwcrXF,pop rock
22HYEJveCvykVDHDiEEmjZ,Tubthumping,Chumbawamba,0TcYeHEK9sBtv7xPbKhzHz,anarcho-punk
1pKYYY0dkg23sQQXi0Q5zN,Around the World,Daft Punk,4tZwfgrHOc3mvqYlEYSvVi,filter house
06TuMCjDEYjTOJScCRzmjf,Don't Let Go (Love),En Vogue,5fikk4h5qbEebqK2Fc6e48,urban contemporary
29capylmokCeuNAWqGitij,Brimful of Asha (Norman Cook Remix) (Single Version),Cornershop,3Kf7VEIRWquxrNIuyJZnfF,chamber psych
1di1BEgJYzPvXUuinsYJGP,Everybody (Backstreet's Back) - Radio Edit,Backstreet Boys,5rSXSAkZ67PYJSvpUpkOr7,europop
1GrikfH0jDejDvrxo84n4P,Together Again,Janet Jackson,4qwGe91Bz9K2T8jXTZ815W,urban contemporary
2ezqQeBiC72gwMJoO4w1hA,Every Time I Close My Eyes (with Kenny G),Babyface,3aVoqlJOYx31lH1gibGDt3,urban contemporary
1wb4P4F0sxAQ2KXrRvsx6n,You're Still The One,Shania Twain,5e4Dhzv426EvQe3aDb64jL,dance pop
4lO57zZGFcj7vSY4QhfVDq,She's The One,Robbie Williams,2HcwFjNelS49kFbfvMxQYw,pop
36AWdhZIGLUTkWpJDhe7va,2 Become 1,Spice Girls,0uq5PttqEjj3IH1bzwcrXF,pop rock
3UpS7kBnkVQYG13pDDFTC4,As Long as You Love Me,Backstreet Boys,5rSXSAkZ67PYJSvpUpkOr7,europop
7v02Sn9vYRQ6pc1lqhnkWY,Save Tonight,Eagle-Eye Cherry,3ngKsDXZAssmljeXCvEgOe,pop rock
4EchqUKQ3qAQuRNKmeIpnf,The Kids Aren't Alright,The Offspring,5LfGQac0EIXyAN8aUwmNAQ,socal pop punk
2goLsvvODILDzeeiT4dAoR,Believe,Cher,72OaDtakiy6yFqkt4TsiFt,pop
1M2nd8jNUkkwrc1dgBPTJz,Angels,Robbie Williams,2HcwFjNelS49kFbfvMxQYw,pop
1Je1IMUlBXcx1Fz0WE7oPT,Wannabe,Spice Girls,0uq5PttqEjj3IH1bzwcrXF,pop rock
3MjUtNVVq3C8Fn0MP3zhXa,...Baby One More Time,Britney Spears,26dSoYclwsYLMAKD3tpOr4,post-teen pop
4LJhJ6DQS7NwE7UKtvcM52,What's My Age Again?,blink-182,6FBDaR13swtiWwGhX1WQsP,socal pop punk
0gcjc7Vt5xtcfmJgf6g2IO,When You Say Nothing At All,Ronan Keating,3nlHsNqwCSvT988ZfSW1Yh,soft rock
4BggEwLhGfrbrl7JBhC8EC,Butterfly,Crazy Town,4iSKnRZAxkmqNok6tv10Se,rap rock
0LXosXV9ZvmzIpzUsOMuLv,You'll Be In My Heart,Phil Collins,4lxfqrEsLX6N1N4OCSkILp,soft rock
3FteycP8CaXS1MhjcXekVT,Stop,Spice Girls,0uq5PttqEjj3IH1bzwcrXF,pop rock
11mwFrKvLXCbcVGNxffGyP,Genie In a Bottle,Christina Aguilera,1l7ZsJRRS8wlW3WfJfPfNS,post-teen pop
6kQz6t5z1FK4uohPh8Kd73,Let's Get Loud,Jennifer Lopez,2DlGxzQSjYe5N6G9nkYghR,urban contemporary
6nozDLxeL0TE4MS9GqYU1v,I Knew I Loved You,Savage Garden,3NRFinRTEqUCfaTTZmk8ek,pop rock
5Mmk2ii6laakqfeCT7OnVD,Thong Song,Sisqo,6x9QLdzo6eBZxJ1bHsDkjg,urban contemporary
4wYCe9tSmUolNU4WmJKbZy,Stay Another Day,East 17,6lOC7lwSO1ql4Gc2Y3QObY,hip house
6Qyc6fS4DsZjB2mRW9DsQs,Iris,The Goo Goo Dolls,2sil8z5kiy4r76CRTXxBCA,post-grunge
3QRM0qZB7oMYavveH0iEqx,Here Comes the Hotstepper - Heartical Mix,Ini Kamoze,1VJspRsoC6c0bvqhnSiFCs,roots reggae
0NJC0FDCODpPUntRTTQq97,Cryin',Aerosmith,7Ey4PD4MYsKc5I2dolUwbH,rock
0Ssq7X1zG3iUqTDEKPaT1J,My Favourite Game,The Cardigans,1tqZaCwM57UFKjWoYwMLrw,swedish pop
3tyTt5pEWblt96j1HsXiV5,Freedom! '90 - Remastered,George Michael,19ra5tSw0tWufvUp8GotLo,soft rock
3ascnOSOR5MX901ylGuhcl,When a Man Loves a Woman,Michael Bolton,6YHEMoNPbcheiWS2haGzkn,soft rock
4lsEHglVsLzILTDQ3CNESV,All for Love,Rod Stewart,2y8Jo9CKhJvtfeKOsYzRdT,soft rock
2AlVWg58iy4Cx6KqD0XYu2,Picture Of You,Boyzone,6X9aYHnQ75YI8o08aoa0iS,pop rock
6beFuzSjwhOKFZp2aqYDdY,Amazing,Aerosmith,7Ey4PD4MYsKc5I2dolUwbH,rock
0P6CPJrNJ1Zt755CQTWg3S,C'est La Vie,B*Witched,72eP0W3rIhkxd0NHGg4w4u,girl group
0L0T4tMAaGqLgIVj1MOj9t,Father Figure - Remastered,George Michael,19ra5tSw0tWufvUp8GotLo,soft rock
7ziHnshbknkpFLDW5yGBjO,Never Ever,All Saints,5TDVKqW9uhqGjwwwKGuma4,pop rock
4UQLQJu3DNvVkMVglwElU2,The King of Wishful Thinking,Go West,7bKupnlF7XOfR1En3K8oAL,synthpop
5iwyLsQ5yjnCaRrJGyAPZM,Endless Love,Lionel Richie,3gMaNLQm7D9MornNILzdSl,soft rock
75CgD6l7K4qMzZrn4CbZqz,Stars,Simply Red,1fa0cOhromAZdq2xRA4vv8,sophisti-pop
5jVJAojK3LFKETjI2gYb8O,I Promised Myself,Nick Kamen,05GsKvp0yKuCyWQMsPAAmB,new wave pop
3v0uXfyMEZ1lGvBOv1Y4ar,Bring It All Back,S Club 7,1kM5rgJvkiDMOoKX56H6pX,europop
3i6qNxyVgIdUZTTi5m25EM,Bitch,Meredith Brooks,2QmLFuIDtNDmmJY3OtvinN,pop rock
7Lwo27zrXusqUlAaTgnytp,Stay,Lisa Loeb & Nine Stories,4a7CDXcRCXi4kp5z7SEXtg,pop rock
14sVnTYvfzo9sQM4RkQTaq,You Were Meant For Me,Jewel,6FbDoZnMBTdhhhLuJBOOqP,singer-songwriter
3cfOd4CMv2snFaKAnMdnvK,All Star,Smash Mouth,2iEvnFsWxR0Syqu2JNopAd,pop rock
4t0UsYzmmmZRMTWn77jiGF,Show Me Love,Robin S,2WvLeseDGPX1slhmxI59G3,vocal house
6MdqqkQ8sSC0WB4i8PyRuQ,No Diggity,Blackstreet,2P3cjUru4H3fhSXXNxE9kA,urban contemporary
5kK1Iru9ogP3Iy1zsANU1n,The Power of Love,Céline Dion,4S9EykWXhStSc15wEx8QFK,dance pop
4XifD1V0kWoG4WwsXTwS3y,Rhythm Divine,Enrique Iglesias,7qG3b048QCHVRO5Pv1T5lw,tropical
7woW97CfcWaKtuC6W5BP2K,Heal the World,Michael Jackson,3fMbdgg4jU18AjLCKBhRSm,soul
2bZfoRmADhlF5gMCSZ4pDS,Doo Wop (That Thing),Ms. Lauryn Hill,2Mu5NfyYm8n5iTomuKAEHl,urban contemporary
3ldG6XCLDXxWg1N6XhrSKo,Shy Guy,Diana King,221iMiF62DFPnVuCLJakP1,reggae fusion
6sHsXIJoEN5JpdkGMQDJxt,The Boy Is Mine,Brandy,05oH07COxkXKIMt6mIPRee,urban contemporary
2Bxt2qamL6iu0XN0Td484J,Virtual Insanity - Remastered,Jamiroquai,6J7biCazzYhU3gM9j1wfid,pop dance
01qCxvpyyIm0a0RG3uYxEm,Could I Have This Kiss Forever,Enrique Iglesias,7qG3b048QCHVRO5Pv1T5lw,tropical
27QvYgBk0CHOVHthWnkuWt,Vogue,Madonna,6tbjWDEIzxoDsBA1FuhfPW,pop
6rQ9qJPvInEqSzlh89LsPJ,Coco Jamboo - Radio Version,Mr. President,7KBkgunlONG7LPxs93pgpp,hip house
36bOT34EdRNrNhCWMwNJKu,Just A Girl,No Doubt,0cQbJU1aAzvbEmTuljWLlF,pop rock
0Ph6L4l8dYUuXFmb71Ajnd,Livin' la Vida Loca,Ricky Martin,7slfeZO9LsJbWgpkIoXBUJ,tropical
0SLtqCrXBRrnkxSOMA3X4W,Let Me Entertain You,Robbie Williams,2HcwFjNelS49kFbfvMxQYw,pop
7CBy5lwwNECPDjsksQrxxB,Joyride,Roxette,2SHhfs4BiDxGQ3oxqf0UHY,swedish pop
10tdqQKFhddpkjzxllTVRj,Crazy,Seal,5GtMEZEeFFsuHY8ad4kOxv,soft rock
3kenIsD2tMzxb8XtJlxi5J,Smooth,Santana,6GI52t8N5F02MxU0g5U69P,rock
6q9orQ8lTnKFqBhxRB0bY5,Man! I Feel Like A Woman!,Shania Twain,5e4Dhzv426EvQe3aDb64jL,dance pop
5zF2zGPkL6Ipsn9AfAK6RP,This Love,Maroon 5,04gDigrS5kc9YWfZHwBETP,pop rock
6jBUP2KCe821yqf1hiBqPR,Broken Strings,James Morrison,3LpLGlgRS1IKPPwElnpW35,pop rock
5vQXxfGn1bjv5WESrYVVpw,Just Dance,Lady Gaga,1HY2Jd0NmPuamShAr6KMms,pop dance
1oagRT7LfpVlNJN6FSZDGp,"This Ain't A Scene, It's An Arms Race",Fall Out Boy,4UXqAaa6dQYAk18Lv7PEgX,pop punk
3ZFTkvIE7kyPt6Nu3PEa7V,Hips Don't Lie (feat. Wyclef Jean),Shakira,0EmeFodog0BfCgMzAIvKQp,pop
2PkeVPcL32LA96cK5ySC3c,Yeah!,Usher,23zg3TcAtWQy7J6upgbUnj,urban contemporary
4TsmezEQVSZNNPv5RJ65Ov,Pon de Replay,Rihanna,5pKCCKE2ajJHZ9KAiaK11H,urban contemporary
1lkvpmrCaXK8QtliFDcHBO,Bubbly,Colbie Caillat,6aZyMrc4doVtZyKNilOmwu,viral pop
7vseIfb8ooQmXzisuinchZ,Infinity 2008,Guru Josh Project,4ME85YvMUi1hdqhbind7gy,acid house
4vp2J1l5RD4gMZwGFLfRAu,I Gotta Feeling,Black Eyed Peas,1yxSLGMDHlW21z4YXirZDS,pop rap
5R9a4t5t5O0IsznsrKPVro,Single Ladies (Put a Ring on It),Beyoncé,6vWDO969PvNqNYHIOW5v0m,r&b
395C2pn0PdOYPzM4B1jLoO,Sex on Fire,Kings of Leon,2qk9voo8llSGYcZ6xrBzKx,rock
3F9ByoUqu31xU0I3G5xfVg,Meet Me Halfway,Black Eyed Peas,1yxSLGMDHlW21z4YXirZDS,pop rap
6naxalmIoLFWR0siv8dnQQ,Oops!...I Did It Again,Britney Spears,26dSoYclwsYLMAKD3tpOr4,post-teen pop
1ZCCVA90RcBOyiPPJPoNd6,Red,Daniel Merriweather,6HD2mo0Gz8wd8IbOXYwUfN,australian pop
1mea3bSkSGXuIRvnydlB5b,Viva La Vida,Coldplay,4gzpq5DPGxSnKTe4SA8HAU,pop
3Zwu2K0Qa5sT6teCCHPShP,Thnks fr th Mmrs,Fall Out Boy,4UXqAaa6dQYAk18Lv7PEgX,pop punk
14iN3o8ptQ8cFVZTEmyQRV,I Kissed A Girl,Katy Perry,6jJ0s89eD6GaHleKKya26X,post-teen pop
127uq83uGFapbddqiMUKky,Sexy Bitch (feat. Akon),David Guetta,1Cs0zKBU1kc0i8ypK3B9ai,tropical house
2ieu0FHqTpBUrMoCFVL3cb,Potential Breakup Song,Aly & AJ,5wugb0kaq0J6nyQ5Xgd17i,post-teen pop
2wLMMcXV6sRtLijfLZP9oR,Sweet Dreams,Beyoncé,6vWDO969PvNqNYHIOW5v0m,r&b
5r5cp9IpziiIsR6b93vcnQ,Walking On A Dream,Empire of the Sun,67hb7towEyKvt5Z8Bx306c,new rave
3FAclTFfvUuQYnEsptbK8w,Back To Black,Amy Winehouse,6Q192DXotxtaysaqNPy5yR,neo soul
5ZdzNVOmCSp5HFLk0EgvJS,Dirty Little Secret,The All-American Rejects,3vAaWhdBR38Q02ohXqaNHT,pop rock
244AvzGQ4Ksa5637JQu5Gy,You've Got The Love,Florence + The Machine,1moxjboGR7GNWYIMWsRjgG,uk alternative pop
5hnyJvgoWiQUYZttV4wXy6,Chasing Cars,Snow Patrol,3rIZMv9rysU7JkLzEaC5Jp,rock
3GpbwCm3YxiWDvy29Uo3vP,Right Round,Flo Rida,0jnsk9HBra6NMjO2oANoPY,pop rap
4IoYz8XqqdowINzfRrFnhi,You Found Me,The Fray,0zOcE3mg9nS6l3yxt1Y0bK,pop rock
6nLvaCZFR1wEzW3sIKpsnr,"Valerie - Live At BBC Radio 1 Live Lounge, London / 2007",Amy Winehouse,6Q192DXotxtaysaqNPy5yR,neo soul
64yrDBpcdwEdNY9loyEGbX,21 Guns,Green Day,7oPftvlwr6VrsViSDV7fJY,punk
7LP4Es66zdY7CyjepqmvAg,Down,Jay Sean,4pADjHPWyrlAF0FA7joK2H,urban contemporary
7LR85XLWw2yXqKBSI5brbG,Run This Town,JAY-Z,3nFkdlSjzX9mRTtwJOzDYB,rap
16XNk3bVCSHXN1rlwbXtHb,Birthday Sex,Jeremih,3KV3p5EY4AvKxOlhGHORLg,urban contemporary
4EWCNWgDS8707fNSZ1oaA5,Heartless,Kanye West,5K4W6rqBFWDnAN6FQUkS6x,rap
0DMRKqrpd0QO4RWiEdMib0,You Know I'm No Good,Amy Winehouse,6Q192DXotxtaysaqNPy5yR,neo soul
0iGckQFyv6svOfAbAY9aWJ,Hot N Cold,Katy Perry,6jJ0s89eD6GaHleKKya26X,post-teen pop
0HPD5WQqrq7wPWR7P7Dw1i,TiK ToK,Kesha,6LqNN22kT3074XbTVUrhzX,post-teen pop
2igwFfvr1OAGX9SKDCPBwO,Empire State Of Mind,JAY-Z,3nFkdlSjzX9mRTtwJOzDYB,rap
60PAzFNW3vAiAiVK6DRJfB,Day 'N' Nite (Nightmare),Kid Cudi,0fA0VVWsXO9YnASrzqfmYu,rap
0ntQJM78wzOLVeCUAW7Y45,Sex on Fire,Kings of Leon,2qk9voo8llSGYcZ6xrBzKx,rock
3N4DI1vuTSX1tz7fa2NQZw,Rehab,Amy Winehouse,6Q192DXotxtaysaqNPy5yR,neo soul
3UmaczJpikHgJFyBTAJVoz,Stan,Eminem,7dGJo4pcD2V6oG8kP0tJRR,rap
0eqH0ALoDQevq59YcQ53KE,Hollaback Girl,Gwen Stefani,4yiQZ8tQPux8cPriYMWUFP,urban contemporary
2ygMBIctKIAfbEBcT9065L,Pump It,Black Eyed Peas,1yxSLGMDHlW21z4YXirZDS,pop rap
2wGSgTmgSF3xjRrHkTc25R,Hate It Or Love It,The Game,0NbfKEOTQCcwd6o7wSDOHI,trap
5VGlqQANWDKJFl0MBG3sg2,Use Somebody,Kings of Leon,2qk9voo8llSGYcZ6xrBzKx,rock
7MDfN1ldfTMtuXXdVz2Pzc,Tears Dry On Their Own,Amy Winehouse,6Q192DXotxtaysaqNPy5yR,neo soul
5D2mYZuzcgjpchVY1pmTPh,Candy Shop,50 Cent,3q7HBObVc0L8jNeTe5Gofh,rap
1QV6tiMFM6fSOKOGLMHYYg,Poker Face,Lady Gaga,1HY2Jd0NmPuamShAr6KMms,pop dance
07K4GcCDSTiXUF5ssyTRUM,The Sweet Escape,Gwen Stefani,4yiQZ8tQPux8cPriYMWUFP,urban contemporary
0wbDgMuAoy7O7pL3a69uZx,Give It To Me,Timbaland,5Y5TRrQiqgUO4S36tzjIRZ,urban contemporary
3ibKnFDaa3GhpPGlOUj7ff,Let Me Love You,Mario,20s0P9QLxGqKuCsGwFsp7w,urban contemporary
3DamFFqW32WihKkTVlwTYQ,Fireflies,Owl City,07QEuhtrNmmZ0zEcqE9SF6,post-teen pop
7iL6o9tox1zgHpKUfh9vuC,In Da Club,50 Cent,3q7HBObVc0L8jNeTe5Gofh,rap
0JiY190vktuhSGN6aqJdrt,So What,P!nk,1KCSPY1glIKqW2TotWuXOR,post-teen pop
3jlbL2OTD5YmIunYzgQTAN,Live Your Life,T.I.,4OBJLual30L7gRl5UkeRcT,trap
2bLqfJjuC5syrsgDsZfGmn,The Way I Are,Timbaland,5Y5TRrQiqgUO4S36tzjIRZ,urban contemporary
6B6aCxSBsECsulzOkJRxGv,If You're Not The One,Daniel Bedingfield,11hIqBsGRPztdjBHCSLClX,europop
1ctdfJSzp6qF2iDAVdDrfl,About You Now,Sugababes,7rZNSLWMjTbwdLNskFbzFf,urban contemporary
6ZLGthToczpvnL5Eoy6yrY,Pure Shores,All Saints,5TDVKqW9uhqGjwwwKGuma4,pop rock
7f2YrnkCsVAmsTgLf7GFAy,Sober,P!nk,1KCSPY1glIKqW2TotWuXOR,post-teen pop
7IhsLJMqdxoo7YAZjaSMru,Dead And Gone,T.I.,4OBJLual30L7gRl5UkeRcT,trap
4pbyDPjFgfPqFTcIMC8xpK,Rock DJ,Robbie Williams,2HcwFjNelS49kFbfvMxQYw,pop
0HKD13PLq2WicViBBhSrOl,Out Of Reach,Gabrielle,7rftfGIYEeZ79sLb58ZBDi,pop rock
3EDS89HeAhHiZKlljciK0a,Push The Button,Sugababes,7rZNSLWMjTbwdLNskFbzFf,urban contemporary
6bFsQ6yOp3z5mGNkhWP0P1,You Give Me Something,James Morrison,3LpLGlgRS1IKPPwElnpW35,pop rock
6gxycjJNMgmAyfzUXBN80P,Goodbye My Lover,James Blunt,7KMqksf0UMdyA0UCf4R3ux,pop rock
5OQGeJ1ceykovrykZsGhqL,Breathless,The Corrs,1VbWUxZTRNY2gw3qZ1tg9W,pop rock
4E6cwWJWZw2zWf7VFbH7wf,Love Song,Sara Bareilles,2Sqr0DXoaYABbjBo9HaMkM,pop rock
1zusIxNqJu8i4g6P6hJ2Qa,Mercy,Duffy,37NqXwtb6nIEqRt4EJSoIO,dance pop
4SAHTVRe6EBhgAOWl49yPf,World of Our Own,Westlife,5Z1CCuBsyhEHngq3U5IraY,europop
1u0l8zWpQeMYStFkc2mLD7,Everywhere,Michelle Branch,5rScKX1Sh1U67meeUyTGwk,post-teen pop
0vg4WnUWvze6pBOJDTq99k,You're Beautiful,James Blunt,7KMqksf0UMdyA0UCf4R3ux,pop rock
4E5P1XyAFtrjpiIxkydly4,Replay,Iyaz,5tKXB9uuebKE34yowVaU3C,post-teen pop
4xGuK7FsXuZwHCCuNnPzbD,L'Amour Toujours,Gigi D'Agostino,1OAjDaKgg00KCUYqDe68un,italo dance
3K4r00KlXytLJDfuytngmx,Warwick Avenue,Duffy,37NqXwtb6nIEqRt4EJSoIO,dance pop
4BggEwLhGfrbrl7JBhC8EC,Butterfly,Crazy Town,4iSKnRZAxkmqNok6tv10Se,rap rock
2N4viTG9njqCa4c46YyWs1,Be With You,Enrique Iglesias,7qG3b048QCHVRO5Pv1T5lw,tropical
6qc34bnVOyqGDPni8H5W0U,Amazed,Lonestar,3qbnxnvUqR14MJ9g8QwZJK,country road
3AJwUDP919kvQ9QcozQPxg,Yellow,Coldplay,4gzpq5DPGxSnKTe4SA8HAU,pop
0gzqZ9d1jIKo9psEIthwXe,Beautiful Day,U2,51Blml2LZPmy7TTiAg47vQ,rock
3skn2lauGk7Dx6bVIt5DVj,Starlight,Muse,12Chz98pHFMPJEknJQMWvI,rock
20I8RduZC2PWMWTDCZuuAN,Take Me Out,Franz Ferdinand,0XNa1vTidXlvJ2gHSsRi4A,scottish rock
1myEOhXztRxUVfaAEQiKkU,Cosmic Love,Florence + The Machine,1moxjboGR7GNWYIMWsRjgG,uk alternative pop
6tsojOQ5wHaIjKqIryLZK6,All My Life,Foo Fighters,7jy3rLJdDQY21OgRLCZ9sD,rock
6ldwfK0yWgTAlmIfuQkTYN,I'm a Slave 4 U,Britney Spears,26dSoYclwsYLMAKD3tpOr4,post-teen pop
0BCPKOYdS2jbQ8iyB56Zns,Clocks,Coldplay,4gzpq5DPGxSnKTe4SA8HAU,pop
7vFv0yFGMJW3qVXbAd9BK9,Your Body Is a Wonderland,John Mayer,0hEurMDQu99nJRq8pTxO14,singer-songwriter
0y2IOSoxpgGJ3KZDrmat9p,Here Without You,3 Doors Down,2RTUTCvo6onsAnheUk3aL9,post-grunge
456WNXWhDwYOSf5SpTuqxd,Dog Days Are Over,Florence + The Machine,1moxjboGR7GNWYIMWsRjgG,uk alternative pop
5FZxsHWIvUsmSK1IAvm2pp,Best of You,Foo Fighters,7jy3rLJdDQY21OgRLCZ9sD,rock
1PS1QMdUqOal0ai3Gt7sDQ,Gold Digger,Kanye West,5K4W6rqBFWDnAN6FQUkS6x,rap
4YA5g2UpNLmdql8fdrhlwY,Let Me Blow Ya Mind,Eve,4d3yvTptO48nOYTPBcPFZC,urban contemporary
3y4KY2HvTEkFLrkHfIPWAl,Crazy in Love (feat. Jay-Z),Beyoncé,6vWDO969PvNqNYHIOW5v0m,r&b
0mqTcM8kuu2IYPotMt7AzS,Make You Feel My Love,Adele,4dpARuHxo51G3z768sgnrY,uk pop
0O45fw2L5vsWpdsOdXwNAR,SexyBack (feat. Timbaland),Justin Timberlake,31TPClRtHm23RisEBtV3X7,pop
7w9bgPAmPTtrkt2v16QWvQ,"Lose Yourself - From ""8 Mile"" Soundtrack",Eminem,7dGJo4pcD2V6oG8kP0tJRR,rap
1vxw6aYJls2oq3gW0DujAo,Crazy,Gnarls Barkley,5SbkVQYYzlw1kte75QIabH,neo soul
6RX5iL93VZ5fKmyvNXvF1r,Irreplaceable,Beyoncé,6vWDO969PvNqNYHIOW5v0m,r&b
3E7dfMvvCLUddWissuqMwr,Party In The U.S.A.,Miley Cyrus,5YGY8feqx7naU7z4HrwZM6,post-teen pop
